mode: atomic
dataease/backend/internal/service/audit_service.go:30.17,36.2 1 0
dataease/backend/internal/service/audit_service.go:45.98,63.23 2 0
dataease/backend/internal/service/audit_service.go:63.23,65.3 1 0
dataease/backend/internal/service/audit_service.go:65.8,67.3 1 0
dataease/backend/internal/service/audit_service.go:69.2,69.30 1 0
dataease/backend/internal/service/audit_service.go:69.30,71.3 1 0
dataease/backend/internal/service/audit_service.go:73.2,73.51 1 0
dataease/backend/internal/service/audit_service.go:73.51,76.3 2 0
dataease/backend/internal/service/audit_service.go:78.2,79.17 2 0
dataease/backend/internal/service/audit_service.go:82.75,84.2 1 0
dataease/backend/internal/service/audit_service.go:86.105,88.16 2 0
dataease/backend/internal/service/audit_service.go:88.16,90.3 1 0
dataease/backend/internal/service/audit_service.go:92.2,97.8 1 0
dataease/backend/internal/service/audit_service.go:100.93,102.16 2 0
dataease/backend/internal/service/audit_service.go:102.16,104.3 1 0
dataease/backend/internal/service/audit_service.go:106.2,108.14 3 0
dataease/backend/internal/service/audit_service.go:108.14,110.3 1 0
dataease/backend/internal/service/audit_service.go:111.2,111.18 1 0
dataease/backend/internal/service/audit_service.go:111.18,113.3 1 0
dataease/backend/internal/service/audit_service.go:115.2,120.8 1 0
dataease/backend/internal/service/audit_service.go:123.104,132.59 2 0
dataease/backend/internal/service/audit_service.go:132.59,135.3 2 0
dataease/backend/internal/service/audit_service.go:137.2,138.21 2 0
dataease/backend/internal/service/audit_service.go:141.75,142.15 1 0
dataease/backend/internal/service/audit_service.go:142.15,144.3 1 0
dataease/backend/internal/service/audit_service.go:146.2,148.16 3 0
dataease/backend/internal/service/audit_service.go:148.16,150.3 1 0
dataease/backend/internal/service/audit_service.go:152.2,153.22 2 0
dataease/backend/internal/service/audit_service.go:156.84,158.16 2 0
dataease/backend/internal/service/audit_service.go:158.16,160.3 1 0
dataease/backend/internal/service/audit_service.go:162.2,162.20 1 0
dataease/backend/internal/service/audit_service.go:162.20,164.3 1 0
dataease/backend/internal/service/audit_service.go:166.2,169.16 3 0
dataease/backend/internal/service/audit_service.go:170.13,172.55 2 0
dataease/backend/internal/service/audit_service.go:172.55,174.4 1 0
dataease/backend/internal/service/audit_service.go:175.14,177.56 2 0
dataease/backend/internal/service/audit_service.go:177.56,179.4 1 0
dataease/backend/internal/service/audit_service.go:180.10,182.55 2 0
dataease/backend/internal/service/audit_service.go:182.55,184.4 1 0
dataease/backend/internal/service/audit_service.go:187.2,187.22 1 0
dataease/backend/internal/service/audit_service.go:190.83,192.16 2 0
dataease/backend/internal/service/audit_service.go:192.16,194.3 1 0
dataease/backend/internal/service/audit_service.go:195.2,201.46 5 0
dataease/backend/internal/service/audit_service.go:201.46,203.3 1 0
dataease/backend/internal/service/audit_service.go:205.2,205.27 1 0
dataease/backend/internal/service/audit_service.go:205.27,207.24 2 0
dataease/backend/internal/service/audit_service.go:207.24,209.4 1 0
dataease/backend/internal/service/audit_service.go:210.3,210.28 1 0
dataease/backend/internal/service/audit_service.go:210.28,212.4 1 0
dataease/backend/internal/service/audit_service.go:214.3,215.27 2 0
dataease/backend/internal/service/audit_service.go:215.27,217.4 1 0
dataease/backend/internal/service/audit_service.go:219.3,220.26 2 0
dataease/backend/internal/service/audit_service.go:220.26,222.4 1 0
dataease/backend/internal/service/audit_service.go:223.3,223.30 1 0
dataease/backend/internal/service/audit_service.go:223.30,225.4 1 0
dataease/backend/internal/service/audit_service.go:227.3,240.46 2 0
dataease/backend/internal/service/audit_service.go:240.46,242.4 1 0
dataease/backend/internal/service/audit_service.go:245.2,245.12 1 0
dataease/backend/internal/service/audit_service.go:248.84,250.16 2 0
dataease/backend/internal/service/audit_service.go:250.16,252.3 1 0
dataease/backend/internal/service/audit_service.go:254.2,254.59 1 0
dataease/backend/internal/service/audit_service.go:254.59,256.3 1 0
dataease/backend/internal/service/audit_service.go:258.2,258.12 1 0
dataease/backend/internal/service/audit_service.go:261.123,264.16 3 0
dataease/backend/internal/service/audit_service.go:264.16,266.3 1 0
dataease/backend/internal/service/audit_service.go:267.2,267.39 1 0
dataease/backend/internal/service/auth_service.go:29.68,34.2 1 0
dataease/backend/internal/service/auth_service.go:36.80,38.16 2 0
dataease/backend/internal/service/auth_service.go:38.16,40.3 1 0
dataease/backend/internal/service/auth_service.go:42.2,42.36 1 0
dataease/backend/internal/service/auth_service.go:42.36,44.3 1 0
dataease/backend/internal/service/auth_service.go:46.2,46.91 1 0
dataease/backend/internal/service/auth_service.go:46.91,48.3 1 0
dataease/backend/internal/service/auth_service.go:50.2,51.16 2 0
dataease/backend/internal/service/auth_service.go:51.16,53.3 1 0
dataease/backend/internal/service/auth_service.go:55.2,56.49 2 0
dataease/backend/internal/service/auth_service.go:59.32,61.2 1 0
dataease/backend/internal/service/auth_service.go:63.87,71.2 5 0
dataease/backend/internal/service/auth_service.go:73.31,77.2 3 0
dataease/backend/internal/service/auth_service.go:79.52,83.2 3 0
dataease/backend/internal/service/auth_service.go:85.42,88.28 3 0
dataease/backend/internal/service/auth_service.go:88.28,89.12 1 0
dataease/backend/internal/service/auth_service.go:90.12,91.17 1 0
dataease/backend/internal/service/auth_service.go:92.12,93.17 1 0
dataease/backend/internal/service/auth_service.go:94.12,94.12 0 0
dataease/backend/internal/service/auth_service.go:95.11,96.23 1 0
dataease/backend/internal/service/auth_service.go:99.2,99.15 1 0
dataease/backend/internal/service/auth_service.go:102.75,104.21 2 0
dataease/backend/internal/service/auth_service.go:104.21,106.3 1 0
dataease/backend/internal/service/auth_service.go:108.2,109.16 2 0
dataease/backend/internal/service/auth_service.go:109.16,111.3 1 0
dataease/backend/internal/service/auth_service.go:113.2,117.65 2 0
dataease/backend/internal/service/auth_service.go:117.65,119.3 1 0
dataease/backend/internal/service/auth_service.go:121.2,121.65 1 0
dataease/backend/internal/service/auth_service.go:124.43,127.26 3 0
dataease/backend/internal/service/auth_service.go:127.26,128.15 1 0
dataease/backend/internal/service/auth_service.go:128.15,131.4 2 0
dataease/backend/internal/service/auth_service.go:133.2,133.24 1 0
dataease/backend/internal/service/auth_service.go:133.24,135.3 1 0
dataease/backend/internal/service/auth_service.go:136.2,136.14 1 0
dataease/backend/internal/service/auth_service.go:139.51,141.25 2 0
dataease/backend/internal/service/auth_service.go:141.25,142.12 1 0
dataease/backend/internal/service/auth_service.go:143.12,144.19 1 0
dataease/backend/internal/service/auth_service.go:145.12,146.19 1 0
dataease/backend/internal/service/auth_service.go:147.11,148.25 1 0
dataease/backend/internal/service/auth_service.go:151.2,151.27 1 0
dataease/backend/internal/service/auth_service.go:151.27,153.3 1 0
dataease/backend/internal/service/auth_service.go:154.2,155.16 2 0
dataease/backend/internal/service/auth_service.go:155.16,157.3 1 0
dataease/backend/internal/service/auth_service.go:158.2,158.29 1 0
dataease/backend/internal/service/chart_export_service.go:17.76,19.2 1 0
dataease/backend/internal/service/chart_export_service.go:42.97,48.16 5 0
dataease/backend/internal/service/chart_export_service.go:48.16,50.3 1 0
dataease/backend/internal/service/chart_export_service.go:51.2,67.41 3 0
dataease/backend/internal/service/chart_export_service.go:67.41,71.3 3 0
dataease/backend/internal/service/chart_export_service.go:74.2,74.39 1 0
dataease/backend/internal/service/chart_export_service.go:74.39,75.34 1 0
dataease/backend/internal/service/chart_export_service.go:75.34,77.20 2 0
dataease/backend/internal/service/chart_export_service.go:77.20,79.5 1 0
dataease/backend/internal/service/chart_export_service.go:79.10,80.30 1 0
dataease/backend/internal/service/chart_export_service.go:81.17,82.44 1 0
dataease/backend/internal/service/chart_export_service.go:83.18,84.44 1 0
dataease/backend/internal/service/chart_export_service.go:85.14,86.44 1 0
dataease/backend/internal/service/chart_export_service.go:87.16,88.44 1 0
dataease/backend/internal/service/chart_export_service.go:89.15,90.44 1 0
dataease/backend/internal/service/chart_export_service.go:91.13,92.63 1 0
dataease/backend/internal/service/chart_export_service.go:99.2,99.33 1 0
dataease/backend/internal/service/chart_export_service.go:99.33,102.3 2 0
dataease/backend/internal/service/chart_export_service.go:105.2,108.37 3 0
dataease/backend/internal/service/chart_export_service.go:108.37,110.3 1 0
dataease/backend/internal/service/chart_export_service.go:112.2,112.17 1 0
dataease/backend/internal/service/chart_export_service.go:116.113,121.16 2 0
dataease/backend/internal/service/chart_export_service.go:121.16,123.3 1 0
dataease/backend/internal/service/chart_export_service.go:126.2,132.32 2 0
dataease/backend/internal/service/chart_export_service.go:132.32,134.36 2 0
dataease/backend/internal/service/chart_export_service.go:134.36,136.4 1 0
dataease/backend/internal/service/chart_export_service.go:137.3,137.29 1 0
dataease/backend/internal/service/chart_export_service.go:140.2,140.34 1 0
dataease/backend/internal/service/chart_export_service.go:144.52,145.20 1 0
dataease/backend/internal/service/chart_export_service.go:145.20,147.3 1 0
dataease/backend/internal/service/chart_export_service.go:149.2,150.29 2 0
dataease/backend/internal/service/chart_export_service.go:150.29,151.99 1 0
dataease/backend/internal/service/chart_export_service.go:151.99,153.4 1 0
dataease/backend/internal/service/chart_export_service.go:153.9,153.22 1 0
dataease/backend/internal/service/chart_export_service.go:153.22,155.4 1 0
dataease/backend/internal/service/chart_export_service.go:157.2,158.23 2 0
dataease/backend/internal/service/chart_export_service.go:158.23,160.3 1 0
dataease/backend/internal/service/chart_export_service.go:161.2,161.76 1 0
dataease/backend/internal/service/chart_export_service.go:164.32,166.2 1 0
dataease/backend/internal/service/chart_export_service.go:168.30,170.2 1 0
dataease/backend/internal/service/chart_export_service.go:172.29,174.2 1 0
dataease/backend/internal/service/chart_export_service.go:176.26,178.2 1 0
dataease/backend/internal/service/chart_service.go:33.58,35.2 1 0
dataease/backend/internal/service/chart_service.go:37.90,39.2 1 0
dataease/backend/internal/service/chart_service.go:41.97,43.52 2 0
dataease/backend/internal/service/chart_service.go:43.52,45.3 1 0
dataease/backend/internal/service/chart_service.go:47.2,48.16 2 0
dataease/backend/internal/service/chart_service.go:48.16,50.3 1 0
dataease/backend/internal/service/chart_service.go:52.2,53.19 2 0
dataease/backend/internal/service/chart_service.go:53.19,54.28 1 0
dataease/backend/internal/service/chart_service.go:54.28,56.4 1 0
dataease/backend/internal/service/chart_service.go:57.3,57.24 1 0
dataease/backend/internal/service/chart_service.go:60.2,65.8 1 0
dataease/backend/internal/service/chart_service.go:68.95,70.20 2 0
dataease/backend/internal/service/chart_service.go:70.20,72.3 1 0
dataease/backend/internal/service/chart_service.go:74.2,75.16 2 0
dataease/backend/internal/service/chart_service.go:75.16,77.3 1 0
dataease/backend/internal/service/chart_service.go:79.2,79.51 1 0
dataease/backend/internal/service/chart_service.go:79.51,81.3 1 0
dataease/backend/internal/service/chart_service.go:82.2,82.54 1 0
dataease/backend/internal/service/chart_service.go:82.54,84.3 1 0
dataease/backend/internal/service/chart_service.go:85.2,85.54 1 0
dataease/backend/internal/service/chart_service.go:85.54,87.3 1 0
dataease/backend/internal/service/chart_service.go:88.2,88.54 1 0
dataease/backend/internal/service/chart_service.go:88.54,90.3 1 0
dataease/backend/internal/service/chart_service.go:91.2,91.53 1 0
dataease/backend/internal/service/chart_service.go:91.53,93.3 1 0
dataease/backend/internal/service/chart_service.go:94.2,94.61 1 0
dataease/backend/internal/service/chart_service.go:94.61,96.3 1 0
dataease/backend/internal/service/chart_service.go:97.2,97.60 1 0
dataease/backend/internal/service/chart_service.go:97.60,99.3 1 0
dataease/backend/internal/service/chart_service.go:100.2,100.57 1 0
dataease/backend/internal/service/chart_service.go:100.57,102.3 1 0
dataease/backend/internal/service/chart_service.go:104.2,104.50 1 0
dataease/backend/internal/service/chart_service.go:104.50,106.3 1 0
dataease/backend/internal/service/chart_service.go:107.2,107.50 1 0
dataease/backend/internal/service/chart_service.go:107.50,109.3 1 0
dataease/backend/internal/service/chart_service.go:110.2,110.55 1 0
dataease/backend/internal/service/chart_service.go:110.55,112.3 1 0
dataease/backend/internal/service/chart_service.go:113.2,113.56 1 0
dataease/backend/internal/service/chart_service.go:113.56,115.3 1 0
dataease/backend/internal/service/chart_service.go:116.2,116.57 1 0
dataease/backend/internal/service/chart_service.go:116.57,118.3 1 0
dataease/backend/internal/service/chart_service.go:120.2,122.43 3 0
dataease/backend/internal/service/chart_service.go:122.43,124.3 1 0
dataease/backend/internal/service/chart_service.go:125.2,125.18 1 0
dataease/backend/internal/service/chart_service.go:128.109,129.25 1 0
dataease/backend/internal/service/chart_service.go:129.25,131.3 1 0
dataease/backend/internal/service/chart_service.go:133.2,134.16 2 0
dataease/backend/internal/service/chart_service.go:134.16,136.3 1 0
dataease/backend/internal/service/chart_service.go:138.2,139.35 2 0
dataease/backend/internal/service/chart_service.go:139.35,140.19 1 0
dataease/backend/internal/service/chart_service.go:140.19,141.12 1 0
dataease/backend/internal/service/chart_service.go:143.3,143.48 1 0
dataease/backend/internal/service/chart_service.go:145.2,147.17 2 0
dataease/backend/internal/service/chart_service.go:147.17,149.22 2 0
dataease/backend/internal/service/chart_service.go:149.22,151.4 1 0
dataease/backend/internal/service/chart_service.go:152.3,152.37 1 0
dataease/backend/internal/service/chart_service.go:152.37,153.20 1 0
dataease/backend/internal/service/chart_service.go:153.20,154.13 1 0
dataease/backend/internal/service/chart_service.go:156.4,156.49 1 0
dataease/backend/internal/service/chart_service.go:160.2,162.28 3 0
dataease/backend/internal/service/chart_service.go:162.28,163.46 1 0
dataease/backend/internal/service/chart_service.go:163.46,165.4 1 0
dataease/backend/internal/service/chart_service.go:165.9,167.4 1 0
dataease/backend/internal/service/chart_service.go:170.2,170.95 1 0
dataease/backend/internal/service/chart_service.go:173.65,174.29 1 0
dataease/backend/internal/service/chart_service.go:174.29,176.3 1 0
dataease/backend/internal/service/chart_service.go:177.2,178.16 2 0
dataease/backend/internal/service/chart_service.go:178.16,180.3 1 0
dataease/backend/internal/service/chart_service.go:182.2,183.22 2 0
dataease/backend/internal/service/chart_service.go:183.22,185.3 1 0
dataease/backend/internal/service/chart_service.go:186.2,186.22 1 0
dataease/backend/internal/service/chart_service.go:186.22,188.3 1 0
dataease/backend/internal/service/chart_service.go:190.2,191.16 2 0
dataease/backend/internal/service/chart_service.go:191.16,193.3 1 0
dataease/backend/internal/service/chart_service.go:195.2,206.58 11 0
dataease/backend/internal/service/chart_service.go:206.58,208.3 1 0
dataease/backend/internal/service/chart_service.go:209.2,211.79 3 0
dataease/backend/internal/service/chart_service.go:211.79,213.3 1 0
dataease/backend/internal/service/chart_service.go:214.2,214.12 1 0
dataease/backend/internal/service/chart_service.go:217.52,218.13 1 0
dataease/backend/internal/service/chart_service.go:218.13,220.3 1 0
dataease/backend/internal/service/chart_service.go:221.2,221.38 1 0
dataease/backend/internal/service/chart_service.go:224.64,225.18 1 0
dataease/backend/internal/service/chart_service.go:225.18,227.3 1 0
dataease/backend/internal/service/chart_service.go:228.2,228.51 1 0
dataease/backend/internal/service/chart_service.go:231.90,233.16 2 0
dataease/backend/internal/service/chart_service.go:233.16,235.3 1 0
dataease/backend/internal/service/chart_service.go:236.2,236.6 1 0
dataease/backend/internal/service/chart_service.go:236.6,239.17 3 0
dataease/backend/internal/service/chart_service.go:239.17,241.4 1 0
dataease/backend/internal/service/chart_service.go:242.3,242.17 1 0
dataease/backend/internal/service/chart_service.go:242.17,244.4 1 0
dataease/backend/internal/service/chart_service.go:248.61,265.2 1 0
dataease/backend/internal/service/chart_service.go:267.81,270.24 3 0
dataease/backend/internal/service/chart_service.go:270.24,272.3 1 0
dataease/backend/internal/service/chart_service.go:273.2,274.21 2 0
dataease/backend/internal/service/chart_service.go:274.21,275.33 1 0
dataease/backend/internal/service/chart_service.go:275.33,277.4 1 0
dataease/backend/internal/service/chart_service.go:277.9,279.4 1 0
dataease/backend/internal/service/chart_service.go:281.2,282.65 2 0
dataease/backend/internal/service/chart_service.go:282.65,284.3 1 0
dataease/backend/internal/service/chart_service.go:285.2,303.3 1 0
dataease/backend/internal/service/chart_service.go:306.79,308.13 2 0
dataease/backend/internal/service/chart_service.go:308.13,310.3 1 0
dataease/backend/internal/service/chart_service.go:311.2,312.16 2 0
dataease/backend/internal/service/chart_service.go:312.16,314.3 1 0
dataease/backend/internal/service/chart_service.go:315.2,315.24 1 0
dataease/backend/internal/service/chart_service.go:318.50,320.9 2 0
dataease/backend/internal/service/chart_service.go:320.9,322.3 1 0
dataease/backend/internal/service/chart_service.go:323.2,324.19 2 0
dataease/backend/internal/service/chart_service.go:324.19,326.3 1 0
dataease/backend/internal/service/chart_service.go:327.2,327.22 1 0
dataease/backend/internal/service/chart_service.go:330.48,331.23 1 0
dataease/backend/internal/service/chart_service.go:332.13,333.17 1 0
dataease/backend/internal/service/chart_service.go:334.11,335.24 1 0
dataease/backend/internal/service/chart_service.go:336.15,337.24 1 0
dataease/backend/internal/service/chart_service.go:338.19,340.17 2 0
dataease/backend/internal/service/chart_service.go:340.17,342.4 1 0
dataease/backend/internal/service/chart_service.go:343.3,343.22 1 0
dataease/backend/internal/service/chart_service.go:344.14,346.17 2 0
dataease/backend/internal/service/chart_service.go:346.17,348.4 1 0
dataease/backend/internal/service/chart_service.go:349.3,349.22 1 0
dataease/backend/internal/service/chart_service.go:350.10,351.18 1 0
dataease/backend/internal/service/chart_service.go:355.44,357.9 2 0
dataease/backend/internal/service/chart_service.go:357.9,359.3 1 0
dataease/backend/internal/service/chart_service.go:360.2,360.26 1 0
dataease/backend/internal/service/chart_service.go:363.36,364.14 1 0
dataease/backend/internal/service/chart_service.go:364.14,366.3 1 0
dataease/backend/internal/service/chart_service.go:367.2,367.30 1 0
dataease/backend/internal/service/chart_service.go:370.34,371.14 1 0
dataease/backend/internal/service/chart_service.go:371.14,373.3 1 0
dataease/backend/internal/service/chart_service.go:374.2,374.11 1 0
dataease/backend/internal/service/chart_service.go:377.37,378.14 1 0
dataease/backend/internal/service/chart_service.go:378.14,380.3 1 0
dataease/backend/internal/service/chart_service.go:381.2,381.11 1 0
dataease/backend/internal/service/chart_service.go:384.41,387.19 3 0
dataease/backend/internal/service/chart_service.go:387.19,389.3 1 0
dataease/backend/internal/service/chart_service.go:390.2,390.25 1 0
dataease/backend/internal/service/column_permission_service.go:15.113,17.2 1 0
dataease/backend/internal/service/column_permission_service.go:19.111,21.2 1 0
dataease/backend/internal/service/column_permission_service.go:23.96,25.16 2 0
dataease/backend/internal/service/column_permission_service.go:25.16,27.3 1 0
dataease/backend/internal/service/column_permission_service.go:29.2,30.29 2 0
dataease/backend/internal/service/column_permission_service.go:30.29,31.50 1 0
dataease/backend/internal/service/column_permission_service.go:31.50,33.4 1 0
dataease/backend/internal/service/column_permission_service.go:35.2,35.22 1 0
dataease/backend/internal/service/column_permission_service.go:38.117,40.16 2 0
dataease/backend/internal/service/column_permission_service.go:40.16,42.3 1 0
dataease/backend/internal/service/column_permission_service.go:44.2,45.29 2 0
dataease/backend/internal/service/column_permission_service.go:45.29,46.70 1 0
dataease/backend/internal/service/column_permission_service.go:46.70,48.19 2 0
dataease/backend/internal/service/column_permission_service.go:48.19,50.5 1 0
dataease/backend/internal/service/column_permission_service.go:53.2,53.19 1 0
dataease/backend/internal/service/column_permission_service.go:56.102,57.24 1 0
dataease/backend/internal/service/column_permission_service.go:57.24,59.3 1 0
dataease/backend/internal/service/column_permission_service.go:61.2,62.68 2 0
dataease/backend/internal/service/column_permission_service.go:62.68,64.3 1 0
dataease/backend/internal/service/column_permission_service.go:65.2,65.14 1 0
dataease/backend/internal/service/column_permission_service.go:68.104,69.17 1 0
dataease/backend/internal/service/column_permission_service.go:69.17,71.3 1 0
dataease/backend/internal/service/column_permission_service.go:73.2,73.54 1 0
dataease/backend/internal/service/column_permission_service.go:73.54,75.3 1 0
dataease/backend/internal/service/column_permission_service.go:76.2,76.39 1 0
dataease/backend/internal/service/column_permission_service.go:79.86,80.21 1 0
dataease/backend/internal/service/column_permission_service.go:81.53,82.18 1 0
dataease/backend/internal/service/column_permission_service.go:83.51,84.40 1 0
dataease/backend/internal/service/column_permission_service.go:85.45,86.34 1 0
dataease/backend/internal/service/column_permission_service.go:87.10,88.18 1 0
dataease/backend/internal/service/column_permission_service.go:92.78,93.35 1 0
dataease/backend/internal/service/column_permission_service.go:93.35,95.3 1 0
dataease/backend/internal/service/column_permission_service.go:96.2,96.49 1 0
dataease/backend/internal/service/column_permission_service.go:99.72,100.35 1 0
dataease/backend/internal/service/column_permission_service.go:100.35,102.3 1 0
dataease/backend/internal/service/column_permission_service.go:103.2,104.43 2 0
dataease/backend/internal/service/column_permission_service.go:107.110,108.17 1 0
dataease/backend/internal/service/column_permission_service.go:108.17,110.3 1 0
dataease/backend/internal/service/column_permission_service.go:112.2,112.32 1 0
dataease/backend/internal/service/column_permission_service.go:113.51,114.57 1 0
dataease/backend/internal/service/column_permission_service.go:115.39,116.45 1 0
dataease/backend/internal/service/column_permission_service.go:117.10,118.18 1 0
dataease/backend/internal/service/column_permission_service.go:122.89,123.22 1 0
dataease/backend/internal/service/column_permission_service.go:123.22,125.3 1 0
dataease/backend/internal/service/column_permission_service.go:126.2,126.11 1 0
dataease/backend/internal/service/column_permission_service.go:126.11,128.3 1 0
dataease/backend/internal/service/column_permission_service.go:129.2,129.11 1 0
dataease/backend/internal/service/column_permission_service.go:129.11,131.3 1 0
dataease/backend/internal/service/column_permission_service.go:133.2,133.37 1 0
dataease/backend/internal/service/column_permission_service.go:133.37,137.3 3 0
dataease/backend/internal/service/column_permission_service.go:139.2,139.49 1 0
dataease/backend/internal/service/column_permission_service.go:142.77,143.22 1 0
dataease/backend/internal/service/column_permission_service.go:143.22,145.3 1 0
dataease/backend/internal/service/column_permission_service.go:146.2,146.11 1 0
dataease/backend/internal/service/column_permission_service.go:146.11,148.3 1 0
dataease/backend/internal/service/column_permission_service.go:149.2,149.11 1 0
dataease/backend/internal/service/column_permission_service.go:149.11,151.3 1 0
dataease/backend/internal/service/column_permission_service.go:152.2,152.35 1 0
dataease/backend/internal/service/column_permission_service.go:152.35,154.3 1 0
dataease/backend/internal/service/column_permission_service.go:156.2,157.25 2 0
dataease/backend/internal/service/column_permission_service.go:157.25,159.3 1 0
dataease/backend/internal/service/column_permission_service.go:161.2,161.12 1 0
dataease/backend/internal/service/column_permission_service.go:161.12,163.3 1 0
dataease/backend/internal/service/column_permission_service.go:164.2,164.42 1 0
dataease/backend/internal/service/column_permission_service.go:167.152,168.25 1 0
dataease/backend/internal/service/column_permission_service.go:168.25,170.3 1 0
dataease/backend/internal/service/column_permission_service.go:172.2,173.24 2 0
dataease/backend/internal/service/column_permission_service.go:173.24,174.35 1 0
dataease/backend/internal/service/column_permission_service.go:174.35,176.16 2 0
dataease/backend/internal/service/column_permission_service.go:176.16,178.5 1 0
dataease/backend/internal/service/column_permission_service.go:179.4,179.41 1 0
dataease/backend/internal/service/column_permission_service.go:180.9,182.4 1 0
dataease/backend/internal/service/column_permission_service.go:184.2,184.15 1 0
dataease/backend/internal/service/column_permission_service.go:187.141,188.31 1 0
dataease/backend/internal/service/column_permission_service.go:188.31,190.3 1 0
dataease/backend/internal/service/column_permission_service.go:192.2,193.24 2 0
dataease/backend/internal/service/column_permission_service.go:193.24,194.26 1 0
dataease/backend/internal/service/column_permission_service.go:194.26,196.4 1 0
dataease/backend/internal/service/column_permission_service.go:198.2,198.15 1 0
dataease/backend/internal/service/column_permission_service.go:201.37,202.14 1 0
dataease/backend/internal/service/column_permission_service.go:202.14,204.3 1 0
dataease/backend/internal/service/column_permission_service.go:205.2,205.25 1 0
dataease/backend/internal/service/column_permission_service.go:206.14,207.13 1 0
dataease/backend/internal/service/column_permission_service.go:208.14,209.21 1 0
dataease/backend/internal/service/column_permission_service.go:210.10,211.12 1 0
dataease/backend/internal/service/dataset_service.go:39.76,46.2 1 0
dataease/backend/internal/service/dataset_service.go:48.124,56.2 1 0
dataease/backend/internal/service/dataset_service.go:58.95,60.17 2 0
dataease/backend/internal/service/dataset_service.go:60.17,62.3 1 0
dataease/backend/internal/service/dataset_service.go:63.2,63.18 1 0
dataease/backend/internal/service/dataset_service.go:63.18,65.3 1 0
dataease/backend/internal/service/dataset_service.go:67.2,68.28 2 0
dataease/backend/internal/service/dataset_service.go:68.28,71.3 2 0
dataease/backend/internal/service/dataset_service.go:72.2,72.22 1 0
dataease/backend/internal/service/dataset_service.go:75.85,77.16 2 0
dataease/backend/internal/service/dataset_service.go:77.16,79.3 1 0
dataease/backend/internal/service/dataset_service.go:81.2,84.27 3 0
dataease/backend/internal/service/dataset_service.go:84.27,86.45 2 0
dataease/backend/internal/service/dataset_service.go:86.45,88.4 1 0
dataease/backend/internal/service/dataset_service.go:89.3,96.19 4 0
dataease/backend/internal/service/dataset_service.go:96.19,98.4 1 0
dataease/backend/internal/service/dataset_service.go:99.3,99.53 1 0
dataease/backend/internal/service/dataset_service.go:102.2,102.34 1 0
dataease/backend/internal/service/dataset_service.go:102.34,104.25 2 0
dataease/backend/internal/service/dataset_service.go:104.25,105.12 1 0
dataease/backend/internal/service/dataset_service.go:107.3,107.44 1 0
dataease/backend/internal/service/dataset_service.go:107.44,109.4 1 0
dataease/backend/internal/service/dataset_service.go:110.3,111.30 2 0
dataease/backend/internal/service/dataset_service.go:111.30,113.4 1 0
dataease/backend/internal/service/dataset_service.go:116.2,117.47 2 0
dataease/backend/internal/service/dataset_service.go:117.47,119.3 1 0
dataease/backend/internal/service/dataset_service.go:120.2,121.33 2 0
dataease/backend/internal/service/dataset_service.go:121.33,123.3 1 0
dataease/backend/internal/service/dataset_service.go:124.2,124.19 1 0
dataease/backend/internal/service/dataset_service.go:127.84,129.2 1 0
dataease/backend/internal/service/dataset_service.go:131.103,133.2 1 0
dataease/backend/internal/service/dataset_service.go:135.97,137.15 2 0
dataease/backend/internal/service/dataset_service.go:137.15,139.3 1 0
dataease/backend/internal/service/dataset_service.go:141.2,142.16 2 0
dataease/backend/internal/service/dataset_service.go:142.16,144.3 1 0
dataease/backend/internal/service/dataset_service.go:146.2,147.16 2 0
dataease/backend/internal/service/dataset_service.go:147.16,149.3 1 0
dataease/backend/internal/service/dataset_service.go:150.2,151.16 2 0
dataease/backend/internal/service/dataset_service.go:151.16,153.3 1 0
dataease/backend/internal/service/dataset_service.go:155.2,156.19 2 0
dataease/backend/internal/service/dataset_service.go:156.19,157.26 1 0
dataease/backend/internal/service/dataset_service.go:157.26,159.4 1 0
dataease/backend/internal/service/dataset_service.go:160.3,160.24 1 0
dataease/backend/internal/service/dataset_service.go:163.2,167.8 1 0
dataease/backend/internal/service/dataset_service.go:170.125,172.15 2 0
dataease/backend/internal/service/dataset_service.go:172.15,174.3 1 0
dataease/backend/internal/service/dataset_service.go:176.2,177.16 2 0
dataease/backend/internal/service/dataset_service.go:177.16,179.3 1 0
dataease/backend/internal/service/dataset_service.go:181.2,185.35 4 0
dataease/backend/internal/service/dataset_service.go:185.35,188.25 3 0
dataease/backend/internal/service/dataset_service.go:188.25,191.4 2 0
dataease/backend/internal/service/dataset_service.go:194.2,195.16 2 0
dataease/backend/internal/service/dataset_service.go:195.16,197.3 1 0
dataease/backend/internal/service/dataset_service.go:198.2,199.16 2 0
dataease/backend/internal/service/dataset_service.go:199.16,201.3 1 0
dataease/backend/internal/service/dataset_service.go:203.2,204.19 2 0
dataease/backend/internal/service/dataset_service.go:204.19,205.26 1 0
dataease/backend/internal/service/dataset_service.go:205.26,207.4 1 0
dataease/backend/internal/service/dataset_service.go:208.3,208.24 1 0
dataease/backend/internal/service/dataset_service.go:211.2,215.8 1 0
dataease/backend/internal/service/dataset_service.go:218.101,227.16 2 0
dataease/backend/internal/service/dataset_service.go:227.16,229.3 1 0
dataease/backend/internal/service/dataset_service.go:231.2,232.18 2 0
dataease/backend/internal/service/dataset_service.go:232.18,234.3 1 0
dataease/backend/internal/service/dataset_service.go:235.2,236.22 2 0
dataease/backend/internal/service/dataset_service.go:236.22,238.3 1 0
dataease/backend/internal/service/dataset_service.go:239.2,239.18 1 0
dataease/backend/internal/service/dataset_service.go:239.18,241.3 1 0
dataease/backend/internal/service/dataset_service.go:243.2,243.51 1 0
dataease/backend/internal/service/dataset_service.go:243.51,245.3 1 0
dataease/backend/internal/service/dataset_service.go:247.2,247.63 1 0
dataease/backend/internal/service/dataset_service.go:247.63,249.3 1 0
dataease/backend/internal/service/dataset_service.go:251.2,252.16 2 0
dataease/backend/internal/service/dataset_service.go:252.16,254.3 1 0
dataease/backend/internal/service/dataset_service.go:255.2,255.22 1 0
dataease/backend/internal/service/dataset_service.go:255.22,257.3 1 0
dataease/backend/internal/service/dataset_service.go:259.2,266.8 2 0
dataease/backend/internal/service/dataset_service.go:269.90,270.19 1 0
dataease/backend/internal/service/dataset_service.go:270.19,272.3 1 0
dataease/backend/internal/service/dataset_service.go:274.2,275.37 2 0
dataease/backend/internal/service/dataset_service.go:275.37,276.26 1 0
dataease/backend/internal/service/dataset_service.go:276.26,277.12 1 0
dataease/backend/internal/service/dataset_service.go:280.3,281.17 2 0
dataease/backend/internal/service/dataset_service.go:281.17,283.4 1 0
dataease/backend/internal/service/dataset_service.go:284.3,284.23 1 0
dataease/backend/internal/service/dataset_service.go:284.23,285.12 1 0
dataease/backend/internal/service/dataset_service.go:288.3,289.17 2 0
dataease/backend/internal/service/dataset_service.go:289.17,291.4 1 0
dataease/backend/internal/service/dataset_service.go:293.3,293.32 1 0
dataease/backend/internal/service/dataset_service.go:293.32,294.97 1 0
dataease/backend/internal/service/dataset_service.go:294.97,295.13 1 0
dataease/backend/internal/service/dataset_service.go:298.4,299.79 2 0
dataease/backend/internal/service/dataset_service.go:299.79,300.13 1 0
dataease/backend/internal/service/dataset_service.go:303.4,303.32 1 0
dataease/backend/internal/service/dataset_service.go:303.32,305.19 2 0
dataease/backend/internal/service/dataset_service.go:305.19,306.14 1 0
dataease/backend/internal/service/dataset_service.go:309.5,319.34 2 0
dataease/backend/internal/service/dataset_service.go:324.2,324.20 1 0
dataease/backend/internal/service/dataset_service.go:327.94,328.42 1 0
dataease/backend/internal/service/dataset_service.go:328.42,330.3 1 0
dataease/backend/internal/service/dataset_service.go:332.2,333.25 2 0
dataease/backend/internal/service/dataset_service.go:333.25,335.3 1 0
dataease/backend/internal/service/dataset_service.go:337.2,340.39 4 0
dataease/backend/internal/service/dataset_service.go:340.39,341.19 1 0
dataease/backend/internal/service/dataset_service.go:341.19,342.12 1 0
dataease/backend/internal/service/dataset_service.go:344.3,344.38 1 0
dataease/backend/internal/service/dataset_service.go:344.38,345.12 1 0
dataease/backend/internal/service/dataset_service.go:347.3,350.17 3 0
dataease/backend/internal/service/dataset_service.go:350.17,351.46 1 0
dataease/backend/internal/service/dataset_service.go:351.46,352.13 1 0
dataease/backend/internal/service/dataset_service.go:354.4,354.19 1 0
dataease/backend/internal/service/dataset_service.go:357.3,358.17 2 0
dataease/backend/internal/service/dataset_service.go:358.17,360.4 1 0
dataease/backend/internal/service/dataset_service.go:361.3,362.17 2 0
dataease/backend/internal/service/dataset_service.go:362.17,364.4 1 0
dataease/backend/internal/service/dataset_service.go:366.3,366.32 1 0
dataease/backend/internal/service/dataset_service.go:366.32,368.24 2 0
dataease/backend/internal/service/dataset_service.go:368.24,369.13 1 0
dataease/backend/internal/service/dataset_service.go:371.4,371.37 1 0
dataease/backend/internal/service/dataset_service.go:371.37,372.13 1 0
dataease/backend/internal/service/dataset_service.go:374.4,375.39 2 0
dataease/backend/internal/service/dataset_service.go:378.2,378.20 1 0
dataease/backend/internal/service/dataset_service.go:381.107,382.36 1 0
dataease/backend/internal/service/dataset_service.go:382.36,384.3 1 0
dataease/backend/internal/service/dataset_service.go:386.2,387.16 2 0
dataease/backend/internal/service/dataset_service.go:387.16,388.45 1 0
dataease/backend/internal/service/dataset_service.go:388.45,390.4 1 0
dataease/backend/internal/service/dataset_service.go:391.3,391.18 1 0
dataease/backend/internal/service/dataset_service.go:394.2,395.20 2 0
dataease/backend/internal/service/dataset_service.go:395.20,397.3 1 0
dataease/backend/internal/service/dataset_service.go:398.2,399.16 2 0
dataease/backend/internal/service/dataset_service.go:399.16,400.45 1 0
dataease/backend/internal/service/dataset_service.go:400.45,404.4 3 0
dataease/backend/internal/service/dataset_service.go:404.9,406.4 1 0
dataease/backend/internal/service/dataset_service.go:409.2,409.20 1 0
dataease/backend/internal/service/dataset_service.go:409.20,411.51 2 0
dataease/backend/internal/service/dataset_service.go:411.51,413.4 1 0
dataease/backend/internal/service/dataset_service.go:416.2,416.30 1 0
dataease/backend/internal/service/dataset_service.go:416.30,418.57 2 0
dataease/backend/internal/service/dataset_service.go:418.57,422.4 3 0
dataease/backend/internal/service/dataset_service.go:425.2,426.30 2 0
dataease/backend/internal/service/dataset_service.go:426.30,428.3 1 0
dataease/backend/internal/service/dataset_service.go:430.2,431.16 2 0
dataease/backend/internal/service/dataset_service.go:431.16,433.3 1 0
dataease/backend/internal/service/dataset_service.go:435.2,436.25 2 0
dataease/backend/internal/service/dataset_service.go:436.25,438.3 1 0
dataease/backend/internal/service/dataset_service.go:440.2,441.30 2 0
dataease/backend/internal/service/dataset_service.go:441.30,443.3 1 0
dataease/backend/internal/service/dataset_service.go:445.2,446.20 2 0
dataease/backend/internal/service/dataset_service.go:446.20,448.21 2 0
dataease/backend/internal/service/dataset_service.go:448.21,450.4 1 0
dataease/backend/internal/service/dataset_service.go:452.2,452.22 1 0
dataease/backend/internal/service/dataset_service.go:452.22,454.3 1 0
dataease/backend/internal/service/dataset_service.go:456.2,466.16 2 0
dataease/backend/internal/service/dataset_service.go:466.16,468.3 1 0
dataease/backend/internal/service/dataset_service.go:470.2,472.27 3 0
dataease/backend/internal/service/dataset_service.go:472.27,475.34 3 0
dataease/backend/internal/service/dataset_service.go:475.34,477.15 2 0
dataease/backend/internal/service/dataset_service.go:477.15,479.10 2 0
dataease/backend/internal/service/dataset_service.go:481.4,483.28 3 0
dataease/backend/internal/service/dataset_service.go:483.28,485.5 1 0
dataease/backend/internal/service/dataset_service.go:486.4,487.24 2 0
dataease/backend/internal/service/dataset_service.go:487.24,489.10 2 0
dataease/backend/internal/service/dataset_service.go:491.4,491.53 1 0
dataease/backend/internal/service/dataset_service.go:493.3,493.15 1 0
dataease/backend/internal/service/dataset_service.go:493.15,494.12 1 0
dataease/backend/internal/service/dataset_service.go:496.3,497.24 2 0
dataease/backend/internal/service/dataset_service.go:497.24,498.12 1 0
dataease/backend/internal/service/dataset_service.go:500.3,501.29 2 0
dataease/backend/internal/service/dataset_service.go:501.29,502.12 1 0
dataease/backend/internal/service/dataset_service.go:504.3,505.32 2 0
dataease/backend/internal/service/dataset_service.go:508.2,508.20 1 0
dataease/backend/internal/service/dataset_service.go:511.74,512.18 1 0
dataease/backend/internal/service/dataset_service.go:512.18,514.3 1 0
dataease/backend/internal/service/dataset_service.go:515.2,515.99 1 0
dataease/backend/internal/service/dataset_service.go:518.60,519.13 1 0
dataease/backend/internal/service/dataset_service.go:519.13,521.3 1 0
dataease/backend/internal/service/dataset_service.go:522.2,523.16 2 0
dataease/backend/internal/service/dataset_service.go:523.16,525.3 1 0
dataease/backend/internal/service/dataset_service.go:526.2,526.23 1 0
dataease/backend/internal/service/dataset_service.go:529.120,531.16 2 0
dataease/backend/internal/service/dataset_service.go:531.16,533.3 1 0
dataease/backend/internal/service/dataset_service.go:535.2,536.29 2 0
dataease/backend/internal/service/dataset_service.go:536.29,538.3 1 0
dataease/backend/internal/service/dataset_service.go:539.2,539.51 1 0
dataease/backend/internal/service/dataset_service.go:539.51,541.3 1 0
dataease/backend/internal/service/dataset_service.go:542.2,542.43 1 0
dataease/backend/internal/service/dataset_service.go:542.43,544.3 1 0
dataease/backend/internal/service/dataset_service.go:545.2,545.22 1 0
dataease/backend/internal/service/dataset_service.go:545.22,547.3 1 0
dataease/backend/internal/service/dataset_service.go:549.2,550.62 2 0
dataease/backend/internal/service/dataset_service.go:550.62,552.52 2 0
dataease/backend/internal/service/dataset_service.go:552.52,554.4 1 0
dataease/backend/internal/service/dataset_service.go:556.2,556.21 1 0
dataease/backend/internal/service/dataset_service.go:556.21,558.17 2 0
dataease/backend/internal/service/dataset_service.go:558.17,560.4 1 0
dataease/backend/internal/service/dataset_service.go:563.2,563.42 1 0
dataease/backend/internal/service/dataset_service.go:566.139,568.33 2 0
dataease/backend/internal/service/dataset_service.go:568.33,569.111 1 0
dataease/backend/internal/service/dataset_service.go:569.111,570.12 1 0
dataease/backend/internal/service/dataset_service.go:572.3,573.20 2 0
dataease/backend/internal/service/dataset_service.go:573.20,574.12 1 0
dataease/backend/internal/service/dataset_service.go:576.3,577.23 2 0
dataease/backend/internal/service/dataset_service.go:577.23,578.12 1 0
dataease/backend/internal/service/dataset_service.go:581.3,581.26 1 0
dataease/backend/internal/service/dataset_service.go:581.26,583.18 2 0
dataease/backend/internal/service/dataset_service.go:583.18,584.47 1 0
dataease/backend/internal/service/dataset_service.go:584.47,585.14 1 0
dataease/backend/internal/service/dataset_service.go:587.5,587.20 1 0
dataease/backend/internal/service/dataset_service.go:589.4,589.36 1 0
dataease/backend/internal/service/dataset_service.go:589.36,590.13 1 0
dataease/backend/internal/service/dataset_service.go:592.4,592.91 1 0
dataease/backend/internal/service/dataset_service.go:595.2,595.21 1 0
dataease/backend/internal/service/dataset_service.go:598.50,600.16 2 0
dataease/backend/internal/service/dataset_service.go:600.16,602.3 1 0
dataease/backend/internal/service/dataset_service.go:603.2,606.29 4 0
dataease/backend/internal/service/dataset_service.go:606.29,608.28 2 0
dataease/backend/internal/service/dataset_service.go:608.28,609.12 1 0
dataease/backend/internal/service/dataset_service.go:611.3,611.28 1 0
dataease/backend/internal/service/dataset_service.go:611.28,612.12 1 0
dataease/backend/internal/service/dataset_service.go:614.3,615.30 2 0
dataease/backend/internal/service/dataset_service.go:617.2,617.15 1 0
dataease/backend/internal/service/dataset_service.go:620.57,623.31 3 0
dataease/backend/internal/service/dataset_service.go:623.31,625.36 2 0
dataease/backend/internal/service/dataset_service.go:625.36,626.12 1 0
dataease/backend/internal/service/dataset_service.go:628.3,628.30 1 0
dataease/backend/internal/service/dataset_service.go:628.30,629.12 1 0
dataease/backend/internal/service/dataset_service.go:631.3,632.32 2 0
dataease/backend/internal/service/dataset_service.go:634.2,634.15 1 0
dataease/backend/internal/service/dataset_service.go:637.59,639.52 2 0
dataease/backend/internal/service/dataset_service.go:639.52,641.3 1 0
dataease/backend/internal/service/dataset_service.go:642.2,642.83 1 0
dataease/backend/internal/service/dataset_service.go:642.83,643.80 1 0
dataease/backend/internal/service/dataset_service.go:643.80,645.4 1 0
dataease/backend/internal/service/dataset_service.go:647.2,647.13 1 0
dataease/backend/internal/service/dataset_service.go:650.38,652.2 1 0
dataease/backend/internal/service/dataset_service.go:654.47,656.39 2 0
dataease/backend/internal/service/dataset_service.go:656.39,658.3 1 0
dataease/backend/internal/service/dataset_service.go:659.2,660.16 2 0
dataease/backend/internal/service/dataset_service.go:660.16,662.3 1 0
dataease/backend/internal/service/dataset_service.go:663.2,663.11 1 0
dataease/backend/internal/service/dataset_service.go:666.93,667.16 1 0
dataease/backend/internal/service/dataset_service.go:667.16,669.3 1 0
dataease/backend/internal/service/dataset_service.go:670.2,670.17 1 0
dataease/backend/internal/service/dataset_service.go:670.17,672.3 1 0
dataease/backend/internal/service/dataset_service.go:674.2,675.16 2 0
dataease/backend/internal/service/dataset_service.go:675.16,676.45 1 0
dataease/backend/internal/service/dataset_service.go:676.45,678.4 1 0
dataease/backend/internal/service/dataset_service.go:679.3,679.18 1 0
dataease/backend/internal/service/dataset_service.go:682.2,683.16 2 0
dataease/backend/internal/service/dataset_service.go:683.16,685.3 1 0
dataease/backend/internal/service/dataset_service.go:686.2,687.43 2 0
dataease/backend/internal/service/dataset_service.go:687.43,689.3 1 0
dataease/backend/internal/service/dataset_service.go:691.2,692.16 2 0
dataease/backend/internal/service/dataset_service.go:692.16,694.3 1 0
dataease/backend/internal/service/dataset_service.go:695.2,695.15 1 0
dataease/backend/internal/service/dataset_service.go:695.15,697.3 1 0
dataease/backend/internal/service/dataset_service.go:699.2,702.20 4 0
dataease/backend/internal/service/dataset_service.go:702.20,703.31 1 0
dataease/backend/internal/service/dataset_service.go:703.31,705.4 1 0
dataease/backend/internal/service/dataset_service.go:707.2,707.20 1 0
dataease/backend/internal/service/dataset_service.go:707.20,709.3 1 0
dataease/backend/internal/service/dataset_service.go:710.2,710.21 1 0
dataease/backend/internal/service/dataset_service.go:710.21,712.3 1 0
dataease/backend/internal/service/dataset_service.go:714.2,714.52 1 0
dataease/backend/internal/service/dataset_service.go:714.52,716.3 1 0
dataease/backend/internal/service/dataset_service.go:717.2,717.22 1 0
dataease/backend/internal/service/dataset_service.go:720.95,721.16 1 0
dataease/backend/internal/service/dataset_service.go:721.16,723.3 1 0
dataease/backend/internal/service/dataset_service.go:725.2,726.16 2 0
dataease/backend/internal/service/dataset_service.go:726.16,728.3 1 0
dataease/backend/internal/service/dataset_service.go:730.2,732.13 3 0
dataease/backend/internal/service/dataset_service.go:732.13,734.17 2 0
dataease/backend/internal/service/dataset_service.go:734.17,735.46 1 0
dataease/backend/internal/service/dataset_service.go:735.46,737.5 1 0
dataease/backend/internal/service/dataset_service.go:738.4,738.19 1 0
dataease/backend/internal/service/dataset_service.go:740.3,740.26 1 0
dataease/backend/internal/service/dataset_service.go:740.26,742.4 1 0
dataease/backend/internal/service/dataset_service.go:742.9,744.4 1 0
dataease/backend/internal/service/dataset_service.go:747.2,748.16 2 0
dataease/backend/internal/service/dataset_service.go:748.16,750.3 1 0
dataease/backend/internal/service/dataset_service.go:751.2,751.15 1 0
dataease/backend/internal/service/dataset_service.go:751.15,753.3 1 0
dataease/backend/internal/service/dataset_service.go:755.2,756.20 2 0
dataease/backend/internal/service/dataset_service.go:756.20,758.3 1 0
dataease/backend/internal/service/dataset_service.go:759.2,769.49 3 0
dataease/backend/internal/service/dataset_service.go:769.49,771.3 1 0
dataease/backend/internal/service/dataset_service.go:773.2,773.19 1 0
dataease/backend/internal/service/dataset_service.go:776.91,777.13 1 0
dataease/backend/internal/service/dataset_service.go:777.13,779.3 1 0
dataease/backend/internal/service/dataset_service.go:781.2,782.16 2 0
dataease/backend/internal/service/dataset_service.go:782.16,783.45 1 0
dataease/backend/internal/service/dataset_service.go:783.45,785.4 1 0
dataease/backend/internal/service/dataset_service.go:786.3,786.18 1 0
dataease/backend/internal/service/dataset_service.go:789.2,790.19 2 0
dataease/backend/internal/service/dataset_service.go:790.19,792.3 1 0
dataease/backend/internal/service/dataset_service.go:794.2,795.25 2 0
dataease/backend/internal/service/dataset_service.go:795.25,797.3 1 0
dataease/backend/internal/service/dataset_service.go:798.2,799.16 2 0
dataease/backend/internal/service/dataset_service.go:799.16,801.3 1 0
dataease/backend/internal/service/dataset_service.go:802.2,802.15 1 0
dataease/backend/internal/service/dataset_service.go:802.15,804.3 1 0
dataease/backend/internal/service/dataset_service.go:806.2,807.52 2 0
dataease/backend/internal/service/dataset_service.go:807.52,809.3 1 0
dataease/backend/internal/service/dataset_service.go:810.2,810.22 1 0
dataease/backend/internal/service/dataset_service.go:813.87,814.13 1 0
dataease/backend/internal/service/dataset_service.go:814.13,816.3 1 0
dataease/backend/internal/service/dataset_service.go:817.2,817.15 1 0
dataease/backend/internal/service/dataset_service.go:817.15,819.3 1 0
dataease/backend/internal/service/dataset_service.go:821.2,822.16 2 0
dataease/backend/internal/service/dataset_service.go:822.16,823.45 1 0
dataease/backend/internal/service/dataset_service.go:823.45,825.4 1 0
dataease/backend/internal/service/dataset_service.go:826.3,826.18 1 0
dataease/backend/internal/service/dataset_service.go:829.2,829.13 1 0
dataease/backend/internal/service/dataset_service.go:829.13,830.52 1 0
dataease/backend/internal/service/dataset_service.go:830.52,831.46 1 0
dataease/backend/internal/service/dataset_service.go:831.46,833.5 1 0
dataease/backend/internal/service/dataset_service.go:834.4,834.19 1 0
dataease/backend/internal/service/dataset_service.go:836.3,837.22 2 0
dataease/backend/internal/service/dataset_service.go:837.22,839.4 1 0
dataease/backend/internal/service/dataset_service.go:840.3,840.19 1 0
dataease/backend/internal/service/dataset_service.go:840.19,842.4 1 0
dataease/backend/internal/service/dataset_service.go:845.2,846.16 2 0
dataease/backend/internal/service/dataset_service.go:846.16,848.3 1 0
dataease/backend/internal/service/dataset_service.go:849.2,849.15 1 0
dataease/backend/internal/service/dataset_service.go:849.15,851.3 1 0
dataease/backend/internal/service/dataset_service.go:853.2,854.52 2 0
dataease/backend/internal/service/dataset_service.go:854.52,856.3 1 0
dataease/backend/internal/service/dataset_service.go:857.2,857.22 1 0
dataease/backend/internal/service/dataset_service.go:860.49,861.13 1 0
dataease/backend/internal/service/dataset_service.go:861.13,863.3 1 0
dataease/backend/internal/service/dataset_service.go:864.2,864.30 1 0
dataease/backend/internal/service/dataset_service.go:867.58,869.16 2 0
dataease/backend/internal/service/dataset_service.go:869.16,871.3 1 0
dataease/backend/internal/service/dataset_service.go:872.2,872.33 1 0
dataease/backend/internal/service/dataset_service.go:872.33,873.52 1 0
dataease/backend/internal/service/dataset_service.go:873.52,875.4 1 0
dataease/backend/internal/service/dataset_service.go:877.2,877.35 1 0
dataease/backend/internal/service/dataset_service.go:880.83,882.16 2 0
dataease/backend/internal/service/dataset_service.go:882.16,884.3 1 0
dataease/backend/internal/service/dataset_service.go:885.2,885.33 1 0
dataease/backend/internal/service/dataset_service.go:885.33,886.27 1 0
dataease/backend/internal/service/dataset_service.go:886.27,888.4 1 0
dataease/backend/internal/service/dataset_service.go:889.3,890.22 2 0
dataease/backend/internal/service/dataset_service.go:890.22,892.4 1 0
dataease/backend/internal/service/dataset_service.go:893.3,893.17 1 0
dataease/backend/internal/service/dataset_service.go:893.17,895.4 1 0
dataease/backend/internal/service/dataset_service.go:897.2,897.19 1 0
dataease/backend/internal/service/dataset_service.go:900.45,901.16 1 0
dataease/backend/internal/service/dataset_service.go:901.16,903.3 1 0
dataease/backend/internal/service/dataset_service.go:904.2,904.14 1 0
dataease/backend/internal/service/dataset_service.go:904.14,906.3 1 0
dataease/backend/internal/service/dataset_service.go:907.2,907.13 1 0
dataease/backend/internal/service/dataset_service.go:910.56,912.14 2 0
dataease/backend/internal/service/dataset_service.go:912.14,914.3 1 0
dataease/backend/internal/service/dataset_service.go:915.2,915.12 1 0
dataease/backend/internal/service/dataset_service.go:916.55,917.12 1 0
dataease/backend/internal/service/dataset_service.go:918.10,919.33 1 0
dataease/backend/internal/service/dataset_service.go:923.80,924.25 1 0
dataease/backend/internal/service/dataset_service.go:924.25,926.3 1 0
dataease/backend/internal/service/dataset_service.go:928.2,931.20 4 0
dataease/backend/internal/service/dataset_service.go:931.20,932.38 1 0
dataease/backend/internal/service/dataset_service.go:932.38,933.9 1 0
dataease/backend/internal/service/dataset_service.go:935.3,938.17 3 0
dataease/backend/internal/service/dataset_service.go:938.17,939.46 1 0
dataease/backend/internal/service/dataset_service.go:939.46,940.10 1 0
dataease/backend/internal/service/dataset_service.go:942.4,942.18 1 0
dataease/backend/internal/service/dataset_service.go:944.3,945.14 2 0
dataease/backend/internal/service/dataset_service.go:945.14,947.4 1 0
dataease/backend/internal/service/dataset_service.go:948.3,948.69 1 0
dataease/backend/internal/service/dataset_service.go:948.69,949.9 1 0
dataease/backend/internal/service/dataset_service.go:951.3,951.25 1 0
dataease/backend/internal/service/dataset_service.go:954.2,954.54 1 0
dataease/backend/internal/service/dataset_service.go:954.54,956.3 1 0
dataease/backend/internal/service/dataset_service.go:957.2,957.38 1 0
dataease/backend/internal/service/dataset_service.go:960.46,963.16 3 0
dataease/backend/internal/service/dataset_service.go:963.16,965.3 1 0
dataease/backend/internal/service/dataset_service.go:966.2,966.79 1 0
dataease/backend/internal/service/dataset_service.go:966.79,968.3 1 0
dataease/backend/internal/service/dataset_service.go:969.2,969.33 1 0
dataease/backend/internal/service/dataset_service.go:969.33,971.3 1 0
dataease/backend/internal/service/dataset_service.go:972.2,974.32 3 0
dataease/backend/internal/service/dataset_service.go:974.32,975.38 1 0
dataease/backend/internal/service/dataset_service.go:975.38,977.4 1 0
dataease/backend/internal/service/dataset_service.go:979.2,979.12 1 0
dataease/backend/internal/service/dataset_service.go:982.76,983.47 1 0
dataease/backend/internal/service/dataset_service.go:983.47,985.3 1 0
dataease/backend/internal/service/dataset_service.go:987.2,988.16 2 0
dataease/backend/internal/service/dataset_service.go:988.16,990.3 1 0
dataease/backend/internal/service/dataset_service.go:992.2,993.16 2 0
dataease/backend/internal/service/dataset_service.go:993.16,995.3 1 0
dataease/backend/internal/service/dataset_service.go:996.2,996.12 1 0
dataease/backend/internal/service/dataset_service.go:996.12,998.3 1 0
dataease/backend/internal/service/dataset_service.go:1000.2,1000.12 1 0
dataease/backend/internal/service/dataset_service.go:1003.84,1007.28 3 0
dataease/backend/internal/service/dataset_service.go:1007.28,1009.3 1 0
dataease/backend/internal/service/dataset_service.go:1011.2,1012.18 2 0
dataease/backend/internal/service/dataset_service.go:1012.18,1014.3 1 0
dataease/backend/internal/service/dataset_service.go:1015.2,1016.17 2 0
dataease/backend/internal/service/dataset_service.go:1016.17,1018.3 1 0
dataease/backend/internal/service/dataset_service.go:1020.2,1021.16 2 0
dataease/backend/internal/service/dataset_service.go:1021.16,1023.3 1 0
dataease/backend/internal/service/dataset_service.go:1024.2,1025.29 2 0
dataease/backend/internal/service/dataset_service.go:1028.82,1029.20 1 0
dataease/backend/internal/service/dataset_service.go:1029.20,1031.3 1 0
dataease/backend/internal/service/dataset_service.go:1033.2,1034.25 2 0
dataease/backend/internal/service/dataset_service.go:1034.25,1036.3 1 0
dataease/backend/internal/service/dataset_service.go:1037.2,1040.25 3 0
dataease/backend/internal/service/dataset_service.go:1040.25,1045.3 1 0
dataease/backend/internal/service/dataset_service.go:1046.2,1046.15 1 0
dataease/backend/internal/service/dataset_service.go:1049.77,1050.16 1 0
dataease/backend/internal/service/dataset_service.go:1050.16,1052.3 1 0
dataease/backend/internal/service/dataset_service.go:1053.2,1054.28 2 0
dataease/backend/internal/service/dataset_service.go:1054.28,1056.3 1 0
dataease/backend/internal/service/dataset_service.go:1057.2,1057.15 1 0
dataease/backend/internal/service/dataset_service.go:1060.55,1061.27 1 0
dataease/backend/internal/service/dataset_service.go:1062.14,1063.23 1 0
dataease/backend/internal/service/dataset_service.go:1064.17,1065.45 1 0
dataease/backend/internal/service/dataset_service.go:1066.10,1067.15 1 0
dataease/backend/internal/service/dataset_service.go:1071.44,1072.27 1 0
dataease/backend/internal/service/dataset_service.go:1073.12,1074.11 1 0
dataease/backend/internal/service/dataset_service.go:1075.75,1076.11 1 0
dataease/backend/internal/service/dataset_service.go:1077.24,1078.11 1 0
dataease/backend/internal/service/dataset_service.go:1079.17,1080.11 1 0
dataease/backend/internal/service/dataset_service.go:1081.14,1083.17 2 0
dataease/backend/internal/service/dataset_service.go:1083.17,1085.4 1 0
dataease/backend/internal/service/dataset_service.go:1086.3,1086.27 1 0
dataease/backend/internal/service/dataset_service.go:1086.27,1088.4 1 0
dataease/backend/internal/service/dataset_service.go:1089.3,1089.59 1 0
dataease/backend/internal/service/dataset_service.go:1089.59,1091.4 1 0
dataease/backend/internal/service/dataset_service.go:1092.3,1092.57 1 0
dataease/backend/internal/service/dataset_service.go:1092.57,1094.4 1 0
dataease/backend/internal/service/dataset_service.go:1095.3,1095.11 1 0
dataease/backend/internal/service/dataset_service.go:1096.10,1097.11 1 0
dataease/backend/internal/service/dataset_service.go:1101.52,1102.24 1 0
dataease/backend/internal/service/dataset_service.go:1102.24,1104.3 1 0
dataease/backend/internal/service/dataset_service.go:1105.2,1106.20 2 0
dataease/backend/internal/service/dataset_service.go:1106.20,1108.3 1 0
dataease/backend/internal/service/dataset_service.go:1109.2,1109.201 1 0
dataease/backend/internal/service/dataset_service.go:1109.201,1111.3 1 0
dataease/backend/internal/service/dataset_service.go:1112.2,1112.201 1 0
dataease/backend/internal/service/dataset_service.go:1112.201,1114.3 1 0
dataease/backend/internal/service/dataset_service.go:1115.2,1115.239 1 0
dataease/backend/internal/service/dataset_service.go:1115.239,1117.3 1 0
dataease/backend/internal/service/dataset_service.go:1118.2,1118.40 1 0
dataease/backend/internal/service/dataset_service.go:1118.40,1120.3 1 0
dataease/backend/internal/service/dataset_service.go:1121.2,1121.10 1 0
dataease/backend/internal/service/dataset_service.go:1124.39,1132.33 2 0
dataease/backend/internal/service/dataset_service.go:1132.33,1133.53 1 0
dataease/backend/internal/service/dataset_service.go:1133.53,1135.4 1 0
dataease/backend/internal/service/dataset_service.go:1137.2,1137.14 1 0
dataease/backend/internal/service/datasource_service.go:44.85,52.2 1 0
dataease/backend/internal/service/datasource_service.go:54.100,56.17 2 0
dataease/backend/internal/service/datasource_service.go:56.17,58.3 1 0
dataease/backend/internal/service/datasource_service.go:59.2,59.18 1 0
dataease/backend/internal/service/datasource_service.go:59.18,61.3 1 0
dataease/backend/internal/service/datasource_service.go:63.2,64.30 2 0
dataease/backend/internal/service/datasource_service.go:64.30,67.3 2 0
dataease/backend/internal/service/datasource_service.go:68.2,68.24 1 0
dataease/backend/internal/service/datasource_service.go:71.97,73.16 2 0
dataease/backend/internal/service/datasource_service.go:73.16,75.3 1 0
dataease/backend/internal/service/datasource_service.go:77.2,78.17 2 0
dataease/backend/internal/service/datasource_service.go:78.17,80.3 1 0
dataease/backend/internal/service/datasource_service.go:81.2,82.14 2 0
dataease/backend/internal/service/datasource_service.go:82.14,84.3 1 0
dataease/backend/internal/service/datasource_service.go:86.2,91.8 1 0
dataease/backend/internal/service/datasource_service.go:94.109,96.16 2 0
dataease/backend/internal/service/datasource_service.go:96.16,98.3 1 0
dataease/backend/internal/service/datasource_service.go:100.2,100.71 1 0
dataease/backend/internal/service/datasource_service.go:100.71,102.3 1 0
dataease/backend/internal/service/datasource_service.go:104.2,105.16 2 0
dataease/backend/internal/service/datasource_service.go:105.16,107.3 1 0
dataease/backend/internal/service/datasource_service.go:109.2,110.29 2 0
dataease/backend/internal/service/datasource_service.go:110.29,112.3 1 0
dataease/backend/internal/service/datasource_service.go:114.2,115.16 2 0
dataease/backend/internal/service/datasource_service.go:115.16,117.3 1 0
dataease/backend/internal/service/datasource_service.go:119.2,119.112 1 0
dataease/backend/internal/service/datasource_service.go:122.101,124.2 1 0
dataease/backend/internal/service/datasource_service.go:126.101,127.27 1 0
dataease/backend/internal/service/datasource_service.go:127.27,129.3 1 0
dataease/backend/internal/service/datasource_service.go:130.2,130.44 1 0
dataease/backend/internal/service/datasource_service.go:133.106,135.16 2 0
dataease/backend/internal/service/datasource_service.go:135.16,137.3 1 0
dataease/backend/internal/service/datasource_service.go:138.2,138.22 1 0
dataease/backend/internal/service/datasource_service.go:138.22,141.3 2 0
dataease/backend/internal/service/datasource_service.go:142.2,142.18 1 0
dataease/backend/internal/service/datasource_service.go:145.59,147.2 1 0
dataease/backend/internal/service/datasource_service.go:149.106,150.44 1 0
dataease/backend/internal/service/datasource_service.go:150.44,152.3 1 0
dataease/backend/internal/service/datasource_service.go:153.2,153.65 1 0
dataease/backend/internal/service/datasource_service.go:156.112,158.21 2 0
dataease/backend/internal/service/datasource_service.go:158.21,160.3 1 0
dataease/backend/internal/service/datasource_service.go:162.2,163.16 2 0
dataease/backend/internal/service/datasource_service.go:163.16,165.3 1 0
dataease/backend/internal/service/datasource_service.go:166.2,167.16 2 0
dataease/backend/internal/service/datasource_service.go:167.16,169.3 1 0
dataease/backend/internal/service/datasource_service.go:170.2,171.16 2 0
dataease/backend/internal/service/datasource_service.go:171.16,173.3 1 0
dataease/backend/internal/service/datasource_service.go:175.2,175.87 1 0
dataease/backend/internal/service/datasource_service.go:178.90,179.58 1 0
dataease/backend/internal/service/datasource_service.go:179.58,181.3 1 0
dataease/backend/internal/service/datasource_service.go:182.2,182.67 1 0
dataease/backend/internal/service/datasource_service.go:185.83,187.16 2 0
dataease/backend/internal/service/datasource_service.go:187.16,189.3 1 0
dataease/backend/internal/service/datasource_service.go:190.2,190.32 1 0
dataease/backend/internal/service/datasource_service.go:193.73,194.13 1 0
dataease/backend/internal/service/datasource_service.go:194.13,196.3 1 0
dataease/backend/internal/service/datasource_service.go:197.2,197.46 1 0
dataease/backend/internal/service/datasource_service.go:197.46,199.3 1 0
dataease/backend/internal/service/datasource_service.go:199.8,199.52 1 0
dataease/backend/internal/service/datasource_service.go:199.52,201.3 1 0
dataease/backend/internal/service/datasource_service.go:203.2,203.17 1 0
dataease/backend/internal/service/datasource_service.go:203.17,205.3 1 0
dataease/backend/internal/service/datasource_service.go:207.2,208.16 2 0
dataease/backend/internal/service/datasource_service.go:208.16,210.3 1 0
dataease/backend/internal/service/datasource_service.go:211.2,211.22 1 0
dataease/backend/internal/service/datasource_service.go:211.22,213.3 1 0
dataease/backend/internal/service/datasource_service.go:214.2,214.24 1 0
dataease/backend/internal/service/datasource_service.go:217.85,218.16 1 0
dataease/backend/internal/service/datasource_service.go:218.16,220.3 1 0
dataease/backend/internal/service/datasource_service.go:222.2,223.18 2 0
dataease/backend/internal/service/datasource_service.go:223.18,225.3 1 0
dataease/backend/internal/service/datasource_service.go:226.2,226.51 1 0
dataease/backend/internal/service/datasource_service.go:226.51,228.3 1 0
dataease/backend/internal/service/datasource_service.go:230.2,230.77 1 0
dataease/backend/internal/service/datasource_service.go:230.77,232.3 1 0
dataease/backend/internal/service/datasource_service.go:233.2,234.16 2 0
dataease/backend/internal/service/datasource_service.go:234.16,236.3 1 0
dataease/backend/internal/service/datasource_service.go:238.2,239.16 2 0
dataease/backend/internal/service/datasource_service.go:239.16,241.3 1 0
dataease/backend/internal/service/datasource_service.go:243.2,244.16 2 0
dataease/backend/internal/service/datasource_service.go:244.16,246.3 1 0
dataease/backend/internal/service/datasource_service.go:248.2,248.34 1 0
dataease/backend/internal/service/datasource_service.go:248.34,249.54 1 0
dataease/backend/internal/service/datasource_service.go:249.54,250.12 1 0
dataease/backend/internal/service/datasource_service.go:252.3,252.80 1 0
dataease/backend/internal/service/datasource_service.go:252.80,253.12 1 0
dataease/backend/internal/service/datasource_service.go:255.3,256.20 2 0
dataease/backend/internal/service/datasource_service.go:256.20,257.12 1 0
dataease/backend/internal/service/datasource_service.go:259.3,259.65 1 0
dataease/backend/internal/service/datasource_service.go:259.65,261.4 1 0
dataease/backend/internal/service/datasource_service.go:264.2,264.19 1 0
dataease/backend/internal/service/datasource_service.go:267.100,269.16 2 0
dataease/backend/internal/service/datasource_service.go:269.16,271.3 1 0
dataease/backend/internal/service/datasource_service.go:273.2,275.18 3 0
dataease/backend/internal/service/datasource_service.go:275.18,277.3 1 0
dataease/backend/internal/service/datasource_service.go:278.2,278.18 1 0
dataease/backend/internal/service/datasource_service.go:278.18,280.3 1 0
dataease/backend/internal/service/datasource_service.go:281.2,281.77 1 0
dataease/backend/internal/service/datasource_service.go:281.77,282.38 1 0
dataease/backend/internal/service/datasource_service.go:282.38,285.4 2 0
dataease/backend/internal/service/datasource_service.go:288.2,289.16 2 0
dataease/backend/internal/service/datasource_service.go:289.16,291.3 1 0
dataease/backend/internal/service/datasource_service.go:292.2,292.15 1 0
dataease/backend/internal/service/datasource_service.go:292.15,294.3 1 0
dataease/backend/internal/service/datasource_service.go:296.2,311.41 4 0
dataease/backend/internal/service/datasource_service.go:311.41,313.3 1 0
dataease/backend/internal/service/datasource_service.go:314.2,314.16 1 0
dataease/backend/internal/service/datasource_service.go:317.102,318.17 1 0
dataease/backend/internal/service/datasource_service.go:318.17,320.3 1 0
dataease/backend/internal/service/datasource_service.go:322.2,323.16 2 0
dataease/backend/internal/service/datasource_service.go:323.16,324.45 1 0
dataease/backend/internal/service/datasource_service.go:324.45,326.4 1 0
dataease/backend/internal/service/datasource_service.go:327.3,327.18 1 0
dataease/backend/internal/service/datasource_service.go:330.2,331.16 2 0
dataease/backend/internal/service/datasource_service.go:331.16,333.3 1 0
dataease/backend/internal/service/datasource_service.go:334.2,335.43 2 0
dataease/backend/internal/service/datasource_service.go:335.43,337.3 1 0
dataease/backend/internal/service/datasource_service.go:339.2,340.16 2 0
dataease/backend/internal/service/datasource_service.go:340.16,342.3 1 0
dataease/backend/internal/service/datasource_service.go:343.2,343.15 1 0
dataease/backend/internal/service/datasource_service.go:343.15,345.3 1 0
dataease/backend/internal/service/datasource_service.go:347.2,349.28 3 0
dataease/backend/internal/service/datasource_service.go:349.28,351.3 1 0
dataease/backend/internal/service/datasource_service.go:352.2,352.39 1 0
dataease/backend/internal/service/datasource_service.go:352.39,354.3 1 0
dataease/backend/internal/service/datasource_service.go:355.2,355.25 1 0
dataease/backend/internal/service/datasource_service.go:355.25,357.3 1 0
dataease/backend/internal/service/datasource_service.go:358.2,358.30 1 0
dataease/backend/internal/service/datasource_service.go:358.30,360.3 1 0
dataease/backend/internal/service/datasource_service.go:361.2,361.31 1 0
dataease/backend/internal/service/datasource_service.go:361.31,363.3 1 0
dataease/backend/internal/service/datasource_service.go:364.2,367.47 3 0
dataease/backend/internal/service/datasource_service.go:367.47,369.3 1 0
dataease/backend/internal/service/datasource_service.go:370.2,370.22 1 0
dataease/backend/internal/service/datasource_service.go:373.102,380.2 1 0
dataease/backend/internal/service/datasource_service.go:382.95,384.16 2 0
dataease/backend/internal/service/datasource_service.go:384.16,385.45 1 0
dataease/backend/internal/service/datasource_service.go:385.45,387.4 1 0
dataease/backend/internal/service/datasource_service.go:388.3,388.18 1 0
dataease/backend/internal/service/datasource_service.go:390.2,391.19 2 0
dataease/backend/internal/service/datasource_service.go:391.19,393.3 1 0
dataease/backend/internal/service/datasource_service.go:394.2,395.25 2 0
dataease/backend/internal/service/datasource_service.go:395.25,397.3 1 0
dataease/backend/internal/service/datasource_service.go:398.2,399.16 2 0
dataease/backend/internal/service/datasource_service.go:399.16,401.3 1 0
dataease/backend/internal/service/datasource_service.go:402.2,402.15 1 0
dataease/backend/internal/service/datasource_service.go:402.15,404.3 1 0
dataease/backend/internal/service/datasource_service.go:406.2,409.47 4 0
dataease/backend/internal/service/datasource_service.go:409.47,411.3 1 0
dataease/backend/internal/service/datasource_service.go:412.2,412.22 1 0
dataease/backend/internal/service/datasource_service.go:415.91,416.13 1 0
dataease/backend/internal/service/datasource_service.go:416.13,418.3 1 0
dataease/backend/internal/service/datasource_service.go:419.2,419.15 1 0
dataease/backend/internal/service/datasource_service.go:419.15,421.3 1 0
dataease/backend/internal/service/datasource_service.go:422.2,423.16 2 0
dataease/backend/internal/service/datasource_service.go:423.16,424.45 1 0
dataease/backend/internal/service/datasource_service.go:424.45,426.4 1 0
dataease/backend/internal/service/datasource_service.go:427.3,427.18 1 0
dataease/backend/internal/service/datasource_service.go:430.2,430.13 1 0
dataease/backend/internal/service/datasource_service.go:430.13,432.22 2 0
dataease/backend/internal/service/datasource_service.go:432.22,434.4 1 0
dataease/backend/internal/service/datasource_service.go:435.3,435.19 1 0
dataease/backend/internal/service/datasource_service.go:435.19,437.4 1 0
dataease/backend/internal/service/datasource_service.go:440.2,441.16 2 0
dataease/backend/internal/service/datasource_service.go:441.16,443.3 1 0
dataease/backend/internal/service/datasource_service.go:444.2,444.15 1 0
dataease/backend/internal/service/datasource_service.go:444.15,446.3 1 0
dataease/backend/internal/service/datasource_service.go:448.2,451.47 4 0
dataease/backend/internal/service/datasource_service.go:451.47,453.3 1 0
dataease/backend/internal/service/datasource_service.go:454.2,454.22 1 0
dataease/backend/internal/service/datasource_service.go:457.52,458.13 1 0
dataease/backend/internal/service/datasource_service.go:458.13,460.3 1 0
dataease/backend/internal/service/datasource_service.go:461.2,461.30 1 0
dataease/backend/internal/service/datasource_service.go:464.63,465.13 1 0
dataease/backend/internal/service/datasource_service.go:465.13,467.3 1 0
dataease/backend/internal/service/datasource_service.go:468.2,469.16 2 0
dataease/backend/internal/service/datasource_service.go:469.16,471.3 1 0
dataease/backend/internal/service/datasource_service.go:472.2,472.23 1 0
dataease/backend/internal/service/datasource_service.go:475.76,476.20 1 0
dataease/backend/internal/service/datasource_service.go:476.20,478.3 1 0
dataease/backend/internal/service/datasource_service.go:479.2,479.53 1 0
dataease/backend/internal/service/datasource_service.go:482.72,483.17 1 0
dataease/backend/internal/service/datasource_service.go:483.17,485.3 1 0
dataease/backend/internal/service/datasource_service.go:486.2,487.16 2 0
dataease/backend/internal/service/datasource_service.go:487.16,489.3 1 0
dataease/backend/internal/service/datasource_service.go:490.2,490.21 1 0
dataease/backend/internal/service/datasource_service.go:493.67,494.17 1 0
dataease/backend/internal/service/datasource_service.go:494.17,496.3 1 0
dataease/backend/internal/service/datasource_service.go:497.2,497.46 1 0
dataease/backend/internal/service/datasource_service.go:500.61,502.16 2 0
dataease/backend/internal/service/datasource_service.go:502.16,504.3 1 0
dataease/backend/internal/service/datasource_service.go:505.2,505.33 1 0
dataease/backend/internal/service/datasource_service.go:505.33,506.52 1 0
dataease/backend/internal/service/datasource_service.go:506.52,508.4 1 0
dataease/backend/internal/service/datasource_service.go:510.2,510.30 1 0
dataease/backend/internal/service/datasource_service.go:513.86,515.16 2 0
dataease/backend/internal/service/datasource_service.go:515.16,517.3 1 0
dataease/backend/internal/service/datasource_service.go:518.2,518.33 1 0
dataease/backend/internal/service/datasource_service.go:518.33,519.27 1 0
dataease/backend/internal/service/datasource_service.go:519.27,521.4 1 0
dataease/backend/internal/service/datasource_service.go:522.3,523.22 2 0
dataease/backend/internal/service/datasource_service.go:523.22,525.4 1 0
dataease/backend/internal/service/datasource_service.go:526.3,526.17 1 0
dataease/backend/internal/service/datasource_service.go:526.17,528.4 1 0
dataease/backend/internal/service/datasource_service.go:530.2,530.19 1 0
dataease/backend/internal/service/datasource_service.go:533.38,534.16 1 0
dataease/backend/internal/service/datasource_service.go:534.16,536.3 1 0
dataease/backend/internal/service/datasource_service.go:537.2,537.14 1 0
dataease/backend/internal/service/datasource_service.go:537.14,539.3 1 0
dataease/backend/internal/service/datasource_service.go:540.2,540.13 1 0
dataease/backend/internal/service/datasource_service.go:543.48,545.48 2 0
dataease/backend/internal/service/datasource_service.go:545.48,547.3 1 0
dataease/backend/internal/service/datasource_service.go:548.2,548.80 1 0
dataease/backend/internal/service/datasource_service.go:548.80,550.3 1 0
dataease/backend/internal/service/datasource_service.go:551.2,551.14 1 0
dataease/backend/internal/service/datasource_service.go:554.46,557.2 2 0
dataease/backend/internal/service/datasource_service.go:559.129,560.38 1 0
dataease/backend/internal/service/datasource_service.go:560.38,562.3 1 0
dataease/backend/internal/service/datasource_service.go:564.2,566.42 3 0
dataease/backend/internal/service/datasource_service.go:566.42,568.3 1 0
dataease/backend/internal/service/datasource_service.go:569.2,569.88 1 0
dataease/backend/internal/service/datasource_service.go:569.88,571.3 1 0
dataease/backend/internal/service/datasource_service.go:572.2,572.32 1 0
dataease/backend/internal/service/datasource_service.go:572.32,574.3 1 0
dataease/backend/internal/service/datasource_service.go:576.2,578.40 3 0
dataease/backend/internal/service/datasource_service.go:578.40,580.3 1 0
dataease/backend/internal/service/datasource_service.go:581.2,581.46 1 0
dataease/backend/internal/service/datasource_service.go:581.46,583.3 1 0
dataease/backend/internal/service/datasource_service.go:585.2,585.33 1 0
dataease/backend/internal/service/datasource_service.go:585.33,587.3 1 0
dataease/backend/internal/service/datasource_service.go:589.2,589.13 1 0
dataease/backend/internal/service/datasource_service.go:592.100,593.29 1 0
dataease/backend/internal/service/datasource_service.go:593.29,595.17 2 0
dataease/backend/internal/service/datasource_service.go:595.17,597.4 1 0
dataease/backend/internal/service/datasource_service.go:598.3,598.30 1 0
dataease/backend/internal/service/datasource_service.go:598.30,600.4 1 0
dataease/backend/internal/service/datasource_service.go:601.3,601.41 1 0
dataease/backend/internal/service/datasource_service.go:604.2,604.40 1 0
dataease/backend/internal/service/datasource_service.go:604.40,606.3 1 0
dataease/backend/internal/service/datasource_service.go:607.2,607.58 1 0
dataease/backend/internal/service/datasource_service.go:607.58,609.3 1 0
dataease/backend/internal/service/datasource_service.go:611.2,611.43 1 0
dataease/backend/internal/service/datasource_service.go:614.69,616.16 2 0
dataease/backend/internal/service/datasource_service.go:616.16,618.3 1 0
dataease/backend/internal/service/datasource_service.go:620.2,621.53 2 0
dataease/backend/internal/service/datasource_service.go:621.53,623.3 1 0
dataease/backend/internal/service/datasource_service.go:624.2,624.18 1 0
dataease/backend/internal/service/datasource_service.go:627.68,628.36 1 0
dataease/backend/internal/service/datasource_service.go:628.36,630.3 1 0
dataease/backend/internal/service/datasource_service.go:632.2,633.16 2 0
dataease/backend/internal/service/datasource_service.go:633.16,635.3 1 0
dataease/backend/internal/service/datasource_service.go:637.2,638.23 2 0
dataease/backend/internal/service/datasource_service.go:638.23,640.3 1 0
dataease/backend/internal/service/datasource_service.go:641.2,642.16 2 0
dataease/backend/internal/service/datasource_service.go:642.16,644.3 1 0
dataease/backend/internal/service/datasource_service.go:645.2,645.25 1 0
dataease/backend/internal/service/datasource_service.go:648.66,650.16 2 0
dataease/backend/internal/service/datasource_service.go:650.16,652.3 1 0
dataease/backend/internal/service/datasource_service.go:653.2,654.12 2 0
dataease/backend/internal/service/datasource_service.go:657.160,659.2 1 0
dataease/backend/internal/service/datasource_service.go:661.131,668.2 1 0
dataease/backend/internal/service/datasource_service.go:670.103,671.19 1 0
dataease/backend/internal/service/datasource_service.go:671.19,673.3 1 0
dataease/backend/internal/service/datasource_service.go:674.2,675.19 2 0
dataease/backend/internal/service/datasource_service.go:675.19,677.3 1 0
dataease/backend/internal/service/datasource_service.go:679.2,680.16 2 0
dataease/backend/internal/service/datasource_service.go:680.16,682.3 1 0
dataease/backend/internal/service/datasource_service.go:684.2,686.41 3 0
dataease/backend/internal/service/datasource_service.go:686.41,688.3 1 0
dataease/backend/internal/service/datasource_service.go:690.2,690.27 1 0
dataease/backend/internal/service/datasource_service.go:693.97,695.2 1 0
dataease/backend/internal/service/datasource_service.go:697.94,699.2 1 0
dataease/backend/internal/service/datasource_service.go:701.113,702.15 1 0
dataease/backend/internal/service/datasource_service.go:702.15,704.3 1 0
dataease/backend/internal/service/datasource_service.go:705.2,705.19 1 0
dataease/backend/internal/service/datasource_service.go:705.19,707.3 1 0
dataease/backend/internal/service/datasource_service.go:709.2,710.16 2 0
dataease/backend/internal/service/datasource_service.go:710.16,712.3 1 0
dataease/backend/internal/service/datasource_service.go:713.2,713.14 1 0
dataease/backend/internal/service/datasource_service.go:713.14,715.3 1 0
dataease/backend/internal/service/datasource_service.go:716.2,716.15 1 0
dataease/backend/internal/service/datasource_service.go:716.15,718.3 1 0
dataease/backend/internal/service/datasource_service.go:720.2,726.8 1 0
dataease/backend/internal/service/datasource_service.go:729.116,731.16 2 0
dataease/backend/internal/service/datasource_service.go:731.16,733.3 1 0
dataease/backend/internal/service/datasource_service.go:735.2,736.16 2 0
dataease/backend/internal/service/datasource_service.go:736.16,738.3 1 0
dataease/backend/internal/service/datasource_service.go:740.2,741.20 2 0
dataease/backend/internal/service/datasource_service.go:741.20,743.3 1 0
dataease/backend/internal/service/datasource_service.go:744.2,757.19 5 0
dataease/backend/internal/service/datasource_service.go:757.19,768.23 2 0
dataease/backend/internal/service/datasource_service.go:768.23,772.4 3 0
dataease/backend/internal/service/datasource_service.go:773.3,773.42 1 0
dataease/backend/internal/service/datasource_service.go:776.2,776.22 1 0
dataease/backend/internal/service/datasource_service.go:776.22,778.3 1 0
dataease/backend/internal/service/datasource_service.go:780.2,785.8 1 0
dataease/backend/internal/service/datasource_service.go:788.80,792.30 3 0
dataease/backend/internal/service/datasource_service.go:792.30,794.3 1 0
dataease/backend/internal/service/datasource_service.go:795.2,795.30 1 0
dataease/backend/internal/service/datasource_service.go:795.30,797.3 1 0
dataease/backend/internal/service/datasource_service.go:799.2,800.18 2 0
dataease/backend/internal/service/datasource_service.go:800.18,802.3 1 0
dataease/backend/internal/service/datasource_service.go:803.2,804.17 2 0
dataease/backend/internal/service/datasource_service.go:804.17,806.3 1 0
dataease/backend/internal/service/datasource_service.go:808.2,809.16 2 0
dataease/backend/internal/service/datasource_service.go:809.16,811.3 1 0
dataease/backend/internal/service/datasource_service.go:812.2,813.31 2 0
dataease/backend/internal/service/datasource_service.go:816.75,818.19 2 0
dataease/backend/internal/service/datasource_service.go:818.19,820.3 1 0
dataease/backend/internal/service/datasource_service.go:822.2,823.16 2 0
dataease/backend/internal/service/datasource_service.go:823.16,825.3 1 0
dataease/backend/internal/service/datasource_service.go:827.2,828.64 2 0
dataease/backend/internal/service/datasource_service.go:828.64,830.3 1 0
dataease/backend/internal/service/datasource_service.go:831.2,831.20 1 0
dataease/backend/internal/service/datasource_service.go:834.62,835.19 1 0
dataease/backend/internal/service/datasource_service.go:835.19,837.3 1 0
dataease/backend/internal/service/datasource_service.go:838.2,838.61 1 0
dataease/backend/internal/service/datasource_service.go:838.61,840.18 2 0
dataease/backend/internal/service/datasource_service.go:840.18,841.12 1 0
dataease/backend/internal/service/datasource_service.go:843.3,844.17 2 0
dataease/backend/internal/service/datasource_service.go:844.17,846.4 1 0
dataease/backend/internal/service/datasource_service.go:847.3,847.14 1 0
dataease/backend/internal/service/datasource_service.go:847.14,849.4 1 0
dataease/backend/internal/service/datasource_service.go:850.3,850.17 1 0
dataease/backend/internal/service/datasource_service.go:852.2,852.51 1 0
dataease/backend/internal/service/datasource_service.go:855.36,857.19 2 0
dataease/backend/internal/service/datasource_service.go:857.19,859.3 1 0
dataease/backend/internal/service/datasource_service.go:860.2,861.16 2 0
dataease/backend/internal/service/datasource_service.go:861.16,863.3 1 0
dataease/backend/internal/service/datasource_service.go:864.2,864.11 1 0
dataease/backend/internal/service/driver_service.go:12.73,14.2 1 0
dataease/backend/internal/service/driver_service.go:16.60,18.16 2 0
dataease/backend/internal/service/driver_service.go:18.16,20.3 1 0
dataease/backend/internal/service/driver_service.go:21.2,22.25 2 0
dataease/backend/internal/service/driver_service.go:22.25,30.3 1 0
dataease/backend/internal/service/driver_service.go:31.2,31.20 1 0
dataease/backend/internal/service/driver_service.go:34.79,36.16 2 0
dataease/backend/internal/service/driver_service.go:36.16,38.3 1 0
dataease/backend/internal/service/driver_service.go:39.2,40.25 2 0
dataease/backend/internal/service/driver_service.go:40.25,48.3 1 0
dataease/backend/internal/service/driver_service.go:49.2,49.20 1 0
dataease/backend/internal/service/driver_service.go:52.70,54.16 2 0
dataease/backend/internal/service/driver_service.go:54.16,56.3 1 0
dataease/backend/internal/service/driver_service.go:57.2,63.8 1 0
dataease/backend/internal/service/driver_service.go:66.87,68.16 2 0
dataease/backend/internal/service/driver_service.go:68.16,70.3 1 0
dataease/backend/internal/service/driver_service.go:71.2,72.25 2 0
dataease/backend/internal/service/driver_service.go:72.25,80.3 1 0
dataease/backend/internal/service/driver_service.go:81.2,81.20 1 0
dataease/backend/internal/service/embedded_service.go:18.79,20.2 1 0
dataease/backend/internal/service/embedded_service.go:22.97,24.54 2 0
dataease/backend/internal/service/embedded_service.go:24.54,26.3 1 0
dataease/backend/internal/service/embedded_service.go:28.2,39.41 2 0
dataease/backend/internal/service/embedded_service.go:39.41,42.3 2 0
dataease/backend/internal/service/embedded_service.go:44.2,45.18 2 0
dataease/backend/internal/service/embedded_service.go:48.85,50.16 2 0
dataease/backend/internal/service/embedded_service.go:50.16,52.3 1 0
dataease/backend/internal/service/embedded_service.go:54.2,54.20 1 0
dataease/backend/internal/service/embedded_service.go:54.20,56.3 1 0
dataease/backend/internal/service/embedded_service.go:57.2,57.23 1 0
dataease/backend/internal/service/embedded_service.go:57.23,59.3 1 0
dataease/backend/internal/service/embedded_service.go:60.2,60.29 1 0
dataease/backend/internal/service/embedded_service.go:60.29,62.3 1 0
dataease/backend/internal/service/embedded_service.go:63.2,66.41 3 0
dataease/backend/internal/service/embedded_service.go:66.41,69.3 2 0
dataease/backend/internal/service/embedded_service.go:71.2,72.12 2 0
dataease/backend/internal/service/embedded_service.go:75.50,76.42 1 0
dataease/backend/internal/service/embedded_service.go:76.42,79.3 2 0
dataease/backend/internal/service/embedded_service.go:80.2,81.12 2 0
dataease/backend/internal/service/embedded_service.go:84.58,85.19 1 0
dataease/backend/internal/service/embedded_service.go:85.19,87.3 1 0
dataease/backend/internal/service/embedded_service.go:88.2,88.48 1 0
dataease/backend/internal/service/embedded_service.go:88.48,91.3 2 0
dataease/backend/internal/service/embedded_service.go:92.2,93.12 2 0
dataease/backend/internal/service/embedded_service.go:96.98,98.16 2 0
dataease/backend/internal/service/embedded_service.go:98.16,100.3 1 0
dataease/backend/internal/service/embedded_service.go:102.2,103.50 2 0
dataease/backend/internal/service/embedded_service.go:103.50,105.3 1 0
dataease/backend/internal/service/embedded_service.go:105.8,107.3 1 0
dataease/backend/internal/service/embedded_service.go:109.2,113.41 4 0
dataease/backend/internal/service/embedded_service.go:113.41,116.3 2 0
dataease/backend/internal/service/embedded_service.go:118.2,119.12 2 0
dataease/backend/internal/service/embedded_service.go:122.114,124.16 2 0
dataease/backend/internal/service/embedded_service.go:124.16,126.3 1 0
dataease/backend/internal/service/embedded_service.go:128.2,129.26 2 0
dataease/backend/internal/service/embedded_service.go:129.26,138.3 1 0
dataease/backend/internal/service/embedded_service.go:140.2,145.8 1 0
dataease/backend/internal/service/embedded_service.go:148.61,150.16 2 0
dataease/backend/internal/service/embedded_service.go:150.16,152.3 1 0
dataease/backend/internal/service/embedded_service.go:154.2,156.31 3 0
dataease/backend/internal/service/embedded_service.go:156.31,158.34 2 0
dataease/backend/internal/service/embedded_service.go:158.34,159.42 1 0
dataease/backend/internal/service/embedded_service.go:159.42,162.5 2 0
dataease/backend/internal/service/embedded_service.go:165.2,165.20 1 0
dataease/backend/internal/service/embedded_service.go:168.78,169.17 1 0
dataease/backend/internal/service/embedded_service.go:169.17,171.3 1 0
dataease/backend/internal/service/embedded_service.go:173.2,174.16 2 0
dataease/backend/internal/service/embedded_service.go:174.16,176.3 1 0
dataease/backend/internal/service/embedded_service.go:178.2,179.16 2 0
dataease/backend/internal/service/embedded_service.go:179.16,181.3 1 0
dataease/backend/internal/service/embedded_service.go:183.2,183.49 1 0
dataease/backend/internal/service/embedded_service.go:183.49,185.3 1 0
dataease/backend/internal/service/embedded_service.go:187.2,187.45 1 0
dataease/backend/internal/service/embedded_service.go:190.79,192.29 2 0
dataease/backend/internal/service/embedded_service.go:192.29,193.51 1 0
dataease/backend/internal/service/embedded_service.go:193.51,195.4 1 0
dataease/backend/internal/service/embedded_service.go:197.2,197.48 1 0
dataease/backend/internal/service/embedded_service.go:200.40,202.21 2 0
dataease/backend/internal/service/embedded_service.go:202.21,205.3 2 0
dataease/backend/internal/service/embedded_service.go:206.2,206.12 1 0
dataease/backend/internal/service/embedded_service.go:209.43,212.22 3 0
dataease/backend/internal/service/embedded_service.go:212.22,213.15 1 0
dataease/backend/internal/service/embedded_service.go:213.15,214.21 1 0
dataease/backend/internal/service/embedded_service.go:214.21,217.5 2 0
dataease/backend/internal/service/embedded_service.go:218.9,220.4 1 0
dataease/backend/internal/service/embedded_service.go:222.2,222.19 1 0
dataease/backend/internal/service/embedded_service.go:222.19,224.3 1 0
dataease/backend/internal/service/embedded_service.go:225.2,225.15 1 0
dataease/backend/internal/service/embedded_service.go:228.44,229.22 1 0
dataease/backend/internal/service/embedded_service.go:229.22,230.27 1 0
dataease/backend/internal/service/embedded_service.go:230.27,234.4 3 0
dataease/backend/internal/service/embedded_service.go:236.2,236.15 1 0
dataease/backend/internal/service/embedded_service.go:239.34,243.2 3 0
dataease/backend/internal/service/embedded_service.go:245.36,246.36 1 0
dataease/backend/internal/service/embedded_service.go:246.36,248.3 1 0
dataease/backend/internal/service/embedded_service.go:249.2,249.43 1 0
dataease/backend/internal/service/embedded_service.go:249.43,251.3 1 0
dataease/backend/internal/service/embedded_service.go:252.2,252.10 1 0
dataease/backend/internal/service/embedded_service.go:255.36,257.30 2 0
dataease/backend/internal/service/embedded_service.go:257.30,259.15 2 0
dataease/backend/internal/service/embedded_service.go:259.15,261.4 1 0
dataease/backend/internal/service/embedded_service.go:261.9,261.22 1 0
dataease/backend/internal/service/embedded_service.go:261.22,263.4 1 0
dataease/backend/internal/service/embedded_service.go:263.9,265.4 1 0
dataease/backend/internal/service/embedded_service.go:267.2,267.23 1 0
dataease/backend/internal/service/embedded_service.go:270.89,275.2 1 0
dataease/backend/internal/service/embedded_service.go:277.47,279.2 1 0
dataease/backend/internal/service/engine_service.go:14.73,16.2 1 0
dataease/backend/internal/service/engine_service.go:18.64,20.16 2 0
dataease/backend/internal/service/engine_service.go:20.16,21.36 1 0
dataease/backend/internal/service/engine_service.go:21.36,23.4 1 0
dataease/backend/internal/service/engine_service.go:24.3,24.18 1 0
dataease/backend/internal/service/engine_service.go:26.2,31.8 1 0
dataease/backend/internal/service/engine_service.go:34.97,39.2 1 0
dataease/backend/internal/service/engine_service.go:41.82,46.2 1 0
dataease/backend/internal/service/engine_service.go:48.55,50.2 1 0
dataease/backend/internal/service/excel_service.go:31.38,33.53 2 0
dataease/backend/internal/service/excel_service.go:33.53,36.3 2 0
dataease/backend/internal/service/excel_service.go:37.2,37.44 1 0
dataease/backend/internal/service/excel_service.go:40.155,43.16 3 0
dataease/backend/internal/service/excel_service.go:43.16,45.3 1 0
dataease/backend/internal/service/excel_service.go:47.2,49.16 3 0
dataease/backend/internal/service/excel_service.go:49.16,51.3 1 0
dataease/backend/internal/service/excel_service.go:53.2,54.31 2 0
dataease/backend/internal/service/excel_service.go:54.31,55.28 1 0
dataease/backend/internal/service/excel_service.go:55.28,57.4 1 0
dataease/backend/internal/service/excel_service.go:60.2,64.39 4 0
dataease/backend/internal/service/excel_service.go:64.39,74.38 9 0
dataease/backend/internal/service/excel_service.go:74.38,76.4 1 0
dataease/backend/internal/service/excel_service.go:79.2,85.8 1 0
dataease/backend/internal/service/excel_service.go:88.112,91.19 2 0
dataease/backend/internal/service/excel_service.go:91.19,93.3 1 0
dataease/backend/internal/service/excel_service.go:95.2,96.16 2 0
dataease/backend/internal/service/excel_service.go:96.16,98.3 1 0
dataease/backend/internal/service/excel_service.go:99.2,104.38 4 0
dataease/backend/internal/service/excel_service.go:104.38,106.35 2 0
dataease/backend/internal/service/excel_service.go:106.35,107.12 1 0
dataease/backend/internal/service/excel_service.go:110.3,112.28 3 0
dataease/backend/internal/service/excel_service.go:112.28,114.15 2 0
dataease/backend/internal/service/excel_service.go:114.15,115.13 1 0
dataease/backend/internal/service/excel_service.go:117.4,121.6 1 0
dataease/backend/internal/service/excel_service.go:124.3,124.23 1 0
dataease/backend/internal/service/excel_service.go:124.23,125.12 1 0
dataease/backend/internal/service/excel_service.go:128.3,129.45 2 0
dataease/backend/internal/service/excel_service.go:129.45,131.4 1 0
dataease/backend/internal/service/excel_service.go:133.3,138.5 1 0
dataease/backend/internal/service/excel_service.go:141.2,141.20 1 0
dataease/backend/internal/service/excel_service.go:144.106,147.16 3 0
dataease/backend/internal/service/excel_service.go:147.16,149.3 1 0
dataease/backend/internal/service/excel_service.go:151.2,151.23 1 0
dataease/backend/internal/service/excel_service.go:151.23,153.3 1 0
dataease/backend/internal/service/excel_service.go:155.2,157.27 3 0
dataease/backend/internal/service/excel_service.go:157.27,159.14 2 0
dataease/backend/internal/service/excel_service.go:159.14,160.12 1 0
dataease/backend/internal/service/excel_service.go:162.3,166.5 1 0
dataease/backend/internal/service/excel_service.go:169.2,170.47 2 0
dataease/backend/internal/service/excel_service.go:170.47,172.3 1 0
dataease/backend/internal/service/excel_service.go:174.2,182.8 2 0
dataease/backend/internal/service/excel_service.go:185.116,191.16 5 0
dataease/backend/internal/service/excel_service.go:191.16,193.3 1 0
dataease/backend/internal/service/excel_service.go:194.2,196.42 2 0
dataease/backend/internal/service/excel_service.go:196.42,198.3 1 0
dataease/backend/internal/service/excel_service.go:200.2,200.45 1 0
dataease/backend/internal/service/excel_service.go:200.45,202.3 1 0
dataease/backend/internal/service/excel_service.go:204.2,204.22 1 0
dataease/backend/internal/service/excel_service.go:207.58,208.17 1 0
dataease/backend/internal/service/excel_service.go:208.17,210.3 1 0
dataease/backend/internal/service/excel_service.go:210.8,210.29 1 0
dataease/backend/internal/service/excel_service.go:210.29,212.3 1 0
dataease/backend/internal/service/excel_service.go:213.2,213.45 1 0
dataease/backend/internal/service/excel_service.go:216.72,217.25 1 0
dataease/backend/internal/service/excel_service.go:218.21,220.26 2 0
dataease/backend/internal/service/excel_service.go:221.25,223.26 2 0
dataease/backend/internal/service/excel_service.go:224.21,226.26 2 0
dataease/backend/internal/service/excel_service.go:227.23,229.26 2 0
dataease/backend/internal/service/excel_service.go:230.10,232.26 2 0
dataease/backend/internal/service/excel_service.go:245.99,248.16 2 0
dataease/backend/internal/service/excel_service.go:248.16,250.3 1 0
dataease/backend/internal/service/excel_service.go:251.2,256.16 4 0
dataease/backend/internal/service/excel_service.go:256.16,258.3 1 0
dataease/backend/internal/service/excel_service.go:261.2,262.31 2 0
dataease/backend/internal/service/excel_service.go:262.31,263.28 1 0
dataease/backend/internal/service/excel_service.go:263.28,265.4 1 0
dataease/backend/internal/service/excel_service.go:268.2,269.39 2 0
dataease/backend/internal/service/excel_service.go:269.39,276.38 6 0
dataease/backend/internal/service/excel_service.go:276.38,278.4 1 0
dataease/backend/internal/service/excel_service.go:281.2,286.8 1 0
dataease/backend/internal/service/excel_service.go:290.93,292.16 2 0
dataease/backend/internal/service/excel_service.go:292.16,294.3 1 0
dataease/backend/internal/service/excel_service.go:296.2,296.38 1 0
dataease/backend/internal/service/excel_service.go:296.38,298.3 1 0
dataease/backend/internal/service/excel_service.go:300.2,302.16 3 0
dataease/backend/internal/service/excel_service.go:302.16,304.3 1 0
dataease/backend/internal/service/excel_service.go:306.2,306.38 1 0
dataease/backend/internal/service/excel_service.go:306.38,309.3 2 0
dataease/backend/internal/service/excel_service.go:311.2,311.18 1 0
dataease/backend/internal/service/export_permission_service.go:14.144,19.2 1 0
dataease/backend/internal/service/export_permission_service.go:21.144,24.2 2 0
dataease/backend/internal/service/export_permission_service.go:26.140,29.2 2 0
dataease/backend/internal/service/export_permission_service.go:31.138,34.2 2 0
dataease/backend/internal/service/export_permission_service.go:36.146,39.2 2 0
dataease/backend/internal/service/export_permission_service.go:41.129,44.2 2 0
dataease/backend/internal/service/export_permission_service.go:46.127,49.2 2 0
dataease/backend/internal/service/export_permission_service.go:51.129,54.2 2 0
dataease/backend/internal/service/export_permission_service.go:56.132,59.2 2 0
dataease/backend/internal/service/export_permission_service.go:83.122,85.24 2 0
dataease/backend/internal/service/export_permission_service.go:86.55,87.42 1 0
dataease/backend/internal/service/export_permission_service.go:88.26,89.42 1 0
dataease/backend/internal/service/export_permission_service.go:90.10,91.42 1 0
dataease/backend/internal/service/export_permission_service.go:94.2,100.3 2 0
dataease/backend/internal/service/export_permission_service.go:103.154,105.33 2 0
dataease/backend/internal/service/export_permission_service.go:105.33,108.3 2 0
dataease/backend/internal/service/export_permission_service.go:109.2,109.16 1 0
dataease/backend/internal/service/export_permission_service.go:112.146,114.33 2 0
dataease/backend/internal/service/export_permission_service.go:114.33,116.27 2 0
dataease/backend/internal/service/export_permission_service.go:116.27,118.4 1 0
dataease/backend/internal/service/export_permission_service.go:120.2,120.19 1 0
dataease/backend/internal/service/export_service.go:25.81,27.2 1 0
dataease/backend/internal/service/export_service.go:29.66,31.16 2 0
dataease/backend/internal/service/export_service.go:31.16,33.3 1 0
dataease/backend/internal/service/export_service.go:34.2,34.15 1 0
dataease/backend/internal/service/export_service.go:37.79,39.14 2 0
dataease/backend/internal/service/export_service.go:39.14,41.3 1 0
dataease/backend/internal/service/export_service.go:42.2,43.18 2 0
dataease/backend/internal/service/export_service.go:43.18,45.3 1 0
dataease/backend/internal/service/export_service.go:47.2,48.16 2 0
dataease/backend/internal/service/export_service.go:48.16,55.3 1 0
dataease/backend/internal/service/export_service.go:57.2,62.3 1 0
dataease/backend/internal/service/export_service.go:65.49,67.2 1 0
dataease/backend/internal/service/export_service.go:69.57,71.2 1 0
dataease/backend/internal/service/export_service.go:73.64,75.2 1 0
dataease/backend/internal/service/export_service.go:77.72,79.2 1 0
dataease/backend/internal/service/export_service.go:81.96,82.17 1 0
dataease/backend/internal/service/export_service.go:82.17,84.3 1 0
dataease/backend/internal/service/export_service.go:85.2,85.39 1 0
dataease/backend/internal/service/export_service.go:85.39,87.3 1 0
dataease/backend/internal/service/export_service.go:88.2,88.12 1 0
dataease/backend/internal/service/export_service.go:91.48,93.2 1 0
dataease/backend/internal/service/export_service.go:95.67,97.2 1 0
dataease/backend/internal/service/geo_service.go:12.64,14.2 1 0
dataease/backend/internal/service/geo_service.go:16.63,18.2 1 0
dataease/backend/internal/service/geo_service.go:20.68,22.2 1 0
dataease/backend/internal/service/license_service.go:25.64,27.2 1 0
dataease/backend/internal/service/license_service.go:29.97,30.56 1 0
dataease/backend/internal/service/license_service.go:30.56,32.17 2 0
dataease/backend/internal/service/license_service.go:32.17,34.4 1 0
dataease/backend/internal/service/license_service.go:35.3,35.62 1 0
dataease/backend/internal/service/license_service.go:35.62,37.4 1 0
dataease/backend/internal/service/license_service.go:38.3,38.87 1 0
dataease/backend/internal/service/license_service.go:41.2,42.20 2 0
dataease/backend/internal/service/license_service.go:45.95,46.56 1 0
dataease/backend/internal/service/license_service.go:46.56,48.3 1 0
dataease/backend/internal/service/license_service.go:50.2,51.30 2 0
dataease/backend/internal/service/license_service.go:51.30,53.3 1 0
dataease/backend/internal/service/license_service.go:55.2,55.57 1 0
dataease/backend/internal/service/license_service.go:55.57,57.3 1 0
dataease/backend/internal/service/license_service.go:58.2,58.20 1 0
dataease/backend/internal/service/license_service.go:61.43,62.65 1 0
dataease/backend/internal/service/license_service.go:62.65,64.3 1 0
dataease/backend/internal/service/license_service.go:65.2,65.68 1 0
dataease/backend/internal/service/license_service.go:65.68,67.3 1 0
dataease/backend/internal/service/license_service.go:68.2,68.20 1 0
dataease/backend/internal/service/license_service.go:71.41,73.2 1 0
dataease/backend/internal/service/license_service.go:75.48,77.33 2 0
dataease/backend/internal/service/license_service.go:77.33,79.3 1 0
dataease/backend/internal/service/license_service.go:80.2,80.55 1 0
dataease/backend/internal/service/license_service.go:80.55,82.3 1 0
dataease/backend/internal/service/license_service.go:83.2,84.16 2 0
dataease/backend/internal/service/license_service.go:84.16,86.3 1 0
dataease/backend/internal/service/license_service.go:87.2,87.39 1 0
dataease/backend/internal/service/license_service.go:90.68,100.86 3 0
dataease/backend/internal/service/license_service.go:100.86,104.3 3 0
dataease/backend/internal/service/license_service.go:106.2,109.16 3 0
dataease/backend/internal/service/license_service.go:109.16,113.3 3 0
dataease/backend/internal/service/license_service.go:115.2,119.24 4 0
dataease/backend/internal/service/license_service.go:119.24,124.3 4 0
dataease/backend/internal/service/license_service.go:126.2,126.23 1 0
dataease/backend/internal/service/license_service.go:126.23,131.3 4 0
dataease/backend/internal/service/license_service.go:133.2,133.24 1 0
dataease/backend/internal/service/license_service.go:133.24,138.3 4 0
dataease/backend/internal/service/license_service.go:140.2,140.25 1 0
dataease/backend/internal/service/license_service.go:140.25,145.3 4 0
dataease/backend/internal/service/license_service.go:147.2,150.16 4 0
dataease/backend/internal/service/license_service.go:153.61,155.19 2 0
dataease/backend/internal/service/license_service.go:155.19,157.3 1 0
dataease/backend/internal/service/license_service.go:159.2,159.56 1 0
dataease/backend/internal/service/license_service.go:159.56,161.3 1 0
dataease/backend/internal/service/license_service.go:163.2,164.17 2 0
dataease/backend/internal/service/license_service.go:164.17,166.3 1 0
dataease/backend/internal/service/license_service.go:167.2,167.43 1 0
dataease/backend/internal/service/license_service.go:167.43,169.3 1 0
dataease/backend/internal/service/license_service.go:170.2,170.43 1 0
dataease/backend/internal/service/license_service.go:170.43,172.3 1 0
dataease/backend/internal/service/license_service.go:173.2,173.47 1 0
dataease/backend/internal/service/license_service.go:173.47,175.3 1 0
dataease/backend/internal/service/license_service.go:176.2,176.43 1 0
dataease/backend/internal/service/license_service.go:176.43,178.3 1 0
dataease/backend/internal/service/license_service.go:179.2,179.21 1 0
dataease/backend/internal/service/license_service.go:179.21,181.3 1 0
dataease/backend/internal/service/license_service.go:182.2,182.44 1 0
dataease/backend/internal/service/license_service.go:182.44,184.3 1 0
dataease/backend/internal/service/license_service.go:186.2,190.3 1 0
dataease/backend/internal/service/license_service.go:193.57,194.35 1 0
dataease/backend/internal/service/license_service.go:194.35,196.3 1 0
dataease/backend/internal/service/license_service.go:198.2,199.63 2 0
dataease/backend/internal/service/license_service.go:199.63,201.3 1 0
dataease/backend/internal/service/license_service.go:203.2,213.13 10 0
dataease/backend/internal/service/license_service.go:216.67,217.27 1 0
dataease/backend/internal/service/license_service.go:217.27,218.26 1 0
dataease/backend/internal/service/license_service.go:218.26,219.27 1 0
dataease/backend/internal/service/license_service.go:220.16,221.37 1 0
dataease/backend/internal/service/license_service.go:221.37,223.6 1 0
dataease/backend/internal/service/license_service.go:227.2,227.11 1 0
dataease/backend/internal/service/license_service.go:230.65,231.27 1 0
dataease/backend/internal/service/license_service.go:231.27,232.26 1 0
dataease/backend/internal/service/license_service.go:232.26,233.27 1 0
dataease/backend/internal/service/license_service.go:234.17,235.16 1 0
dataease/backend/internal/service/license_service.go:235.16,237.6 1 0
dataease/backend/internal/service/license_service.go:238.15,239.16 1 0
dataease/backend/internal/service/license_service.go:239.16,241.6 1 0
dataease/backend/internal/service/license_service.go:242.16,244.28 2 0
dataease/backend/internal/service/license_service.go:244.28,246.6 1 0
dataease/backend/internal/service/license_service.go:250.2,250.10 1 0
dataease/backend/internal/service/license_service.go:253.33,256.2 2 0
dataease/backend/internal/service/map_service.go:12.65,14.2 1 0
dataease/backend/internal/service/map_service.go:16.64,18.16 2 0
dataease/backend/internal/service/map_service.go:18.16,20.3 1 0
dataease/backend/internal/service/map_service.go:22.2,23.16 2 0
dataease/backend/internal/service/map_service.go:23.16,25.3 1 0
dataease/backend/internal/service/map_service.go:27.2,37.29 4 0
dataease/backend/internal/service/map_service.go:37.29,46.3 2 0
dataease/backend/internal/service/map_service.go:48.2,48.35 1 0
dataease/backend/internal/service/map_service.go:48.35,57.3 2 0
dataease/backend/internal/service/map_service.go:59.2,59.29 1 0
dataease/backend/internal/service/map_service.go:59.29,62.30 3 0
dataease/backend/internal/service/map_service.go:62.30,63.30 1 0
dataease/backend/internal/service/map_service.go:63.30,65.5 1 0
dataease/backend/internal/service/map_service.go:66.4,66.51 1 0
dataease/backend/internal/service/map_service.go:70.2,70.35 1 0
dataease/backend/internal/service/map_service.go:70.35,73.30 3 0
dataease/backend/internal/service/map_service.go:73.30,74.30 1 0
dataease/backend/internal/service/map_service.go:74.30,76.5 1 0
dataease/backend/internal/service/map_service.go:77.4,77.51 1 0
dataease/backend/internal/service/map_service.go:81.2,81.19 1 0
dataease/backend/internal/service/menu_service.go:16.67,18.2 1 0
dataease/backend/internal/service/menu_service.go:20.126,25.2 1 0
dataease/backend/internal/service/menu_service.go:27.55,29.16 2 0
dataease/backend/internal/service/menu_service.go:29.16,31.3 1 0
dataease/backend/internal/service/menu_service.go:32.2,32.36 1 0
dataease/backend/internal/service/menu_service.go:35.79,37.28 1 0
dataease/backend/internal/service/menu_service.go:37.28,39.3 1 0
dataease/backend/internal/service/menu_service.go:41.2,41.48 1 0
dataease/backend/internal/service/menu_service.go:41.48,43.3 1 0
dataease/backend/internal/service/menu_service.go:45.2,46.16 2 0
dataease/backend/internal/service/menu_service.go:46.16,48.3 1 0
dataease/backend/internal/service/menu_service.go:50.2,50.23 1 0
dataease/backend/internal/service/menu_service.go:50.23,52.3 1 0
dataease/backend/internal/service/menu_service.go:54.2,55.16 2 0
dataease/backend/internal/service/menu_service.go:55.16,57.3 1 0
dataease/backend/internal/service/menu_service.go:59.2,59.46 1 0
dataease/backend/internal/service/menu_service.go:62.57,63.29 1 0
dataease/backend/internal/service/menu_service.go:63.29,64.14 1 0
dataease/backend/internal/service/menu_service.go:64.14,66.4 1 0
dataease/backend/internal/service/menu_service.go:68.2,68.14 1 0
dataease/backend/internal/service/menu_service.go:71.78,72.27 1 0
dataease/backend/internal/service/menu_service.go:72.27,74.3 1 0
dataease/backend/internal/service/menu_service.go:75.2,75.28 1 0
dataease/backend/internal/service/menu_service.go:75.28,77.17 2 0
dataease/backend/internal/service/menu_service.go:77.17,79.4 1 0
dataease/backend/internal/service/menu_service.go:80.3,81.27 2 0
dataease/backend/internal/service/menu_service.go:81.27,83.4 1 0
dataease/backend/internal/service/menu_service.go:84.3,84.18 1 0
dataease/backend/internal/service/menu_service.go:86.2,86.52 1 0
dataease/backend/internal/service/menu_service.go:89.76,91.26 2 0
dataease/backend/internal/service/menu_service.go:91.26,93.3 1 0
dataease/backend/internal/service/menu_service.go:95.2,96.26 2 0
dataease/backend/internal/service/menu_service.go:96.26,97.17 1 0
dataease/backend/internal/service/menu_service.go:97.17,99.43 2 0
dataease/backend/internal/service/menu_service.go:99.43,101.5 1 0
dataease/backend/internal/service/menu_service.go:104.2,104.14 1 0
dataease/backend/internal/service/menu_service.go:107.103,109.48 2 0
dataease/backend/internal/service/menu_service.go:109.48,111.3 1 0
dataease/backend/internal/service/menu_service.go:113.2,128.23 3 0
dataease/backend/internal/service/menu_service.go:128.23,129.34 1 0
dataease/backend/internal/service/menu_service.go:129.34,131.52 2 0
dataease/backend/internal/service/menu_service.go:131.52,133.5 1 0
dataease/backend/internal/service/menu_service.go:137.2,137.11 1 0
dataease/backend/internal/service/menu_service.go:140.51,142.2 1 0
dataease/backend/internal/service/menu_service.go:144.65,146.2 1 0
dataease/backend/internal/service/menu_service.go:148.54,150.2 1 0
dataease/backend/internal/service/menu_service.go:152.54,154.2 1 0
dataease/backend/internal/service/menu_service.go:156.46,158.16 2 0
dataease/backend/internal/service/menu_service.go:158.16,160.3 1 0
dataease/backend/internal/service/menu_service.go:161.2,161.17 1 0
dataease/backend/internal/service/menu_service.go:161.17,163.3 1 0
dataease/backend/internal/service/menu_service.go:164.2,164.42 1 0
dataease/backend/internal/service/menu_service.go:164.42,166.3 1 0
dataease/backend/internal/service/menu_service.go:167.2,167.27 1 0
dataease/backend/internal/service/menu_service.go:167.27,169.3 1 0
dataease/backend/internal/service/menu_service.go:170.2,170.12 1 0
dataease/backend/internal/service/menu_service.go:173.60,175.2 1 0
dataease/backend/internal/service/menu_service.go:177.65,179.2 1 0
dataease/backend/internal/service/msgcenter_service.go:12.82,14.2 1 0
dataease/backend/internal/service/msgcenter_service.go:16.67,18.2 1 0
dataease/backend/internal/service/msgcenter_service.go:20.85,22.17 2 0
dataease/backend/internal/service/msgcenter_service.go:22.17,24.3 1 0
dataease/backend/internal/service/msgcenter_service.go:25.2,26.14 2 0
dataease/backend/internal/service/msgcenter_service.go:26.14,28.3 1 0
dataease/backend/internal/service/msgcenter_service.go:30.2,35.3 1 0
dataease/backend/internal/service/msgcenter_service.go:38.99,40.16 2 0
dataease/backend/internal/service/msgcenter_service.go:40.16,42.3 1 0
dataease/backend/internal/service/msgcenter_service.go:44.2,44.12 1 0
dataease/backend/internal/service/msgcenter_service.go:44.12,46.3 1 0
dataease/backend/internal/service/msgcenter_service.go:48.2,48.58 1 0
dataease/backend/internal/service/msgcenter_service.go:48.58,50.3 1 0
dataease/backend/internal/service/msgcenter_service.go:52.2,52.67 1 0
dataease/backend/internal/service/msgcenter_service.go:55.114,57.16 2 0
dataease/backend/internal/service/msgcenter_service.go:57.16,59.3 1 0
dataease/backend/internal/service/msgcenter_service.go:61.2,61.70 1 0
dataease/backend/internal/service/org_service.go:18.67,22.2 1 0
dataease/backend/internal/service/org_service.go:24.65,26.16 2 0
dataease/backend/internal/service/org_service.go:26.16,28.3 1 0
dataease/backend/internal/service/org_service.go:29.2,29.15 1 0
dataease/backend/internal/service/org_service.go:29.15,31.3 1 0
dataease/backend/internal/service/org_service.go:33.2,36.46 3 0
dataease/backend/internal/service/org_service.go:36.46,38.17 2 0
dataease/backend/internal/service/org_service.go:38.17,40.4 1 0
dataease/backend/internal/service/org_service.go:41.3,42.27 2 0
dataease/backend/internal/service/org_service.go:45.2,54.44 2 0
dataease/backend/internal/service/org_service.go:54.44,57.3 2 0
dataease/backend/internal/service/org_service.go:59.2,60.12 2 0
dataease/backend/internal/service/org_service.go:63.65,65.16 2 0
dataease/backend/internal/service/org_service.go:65.16,67.3 1 0
dataease/backend/internal/service/org_service.go:69.2,69.58 1 0
dataease/backend/internal/service/org_service.go:69.58,71.17 2 0
dataease/backend/internal/service/org_service.go:71.17,73.4 1 0
dataease/backend/internal/service/org_service.go:74.3,74.16 1 0
dataease/backend/internal/service/org_service.go:74.16,76.4 1 0
dataease/backend/internal/service/org_service.go:77.3,77.33 1 0
dataease/backend/internal/service/org_service.go:80.2,80.24 1 0
dataease/backend/internal/service/org_service.go:80.24,82.3 1 0
dataease/backend/internal/service/org_service.go:84.2,87.51 3 0
dataease/backend/internal/service/org_service.go:87.51,90.3 2 0
dataease/backend/internal/service/org_service.go:92.2,93.12 2 0
dataease/backend/internal/service/org_service.go:96.51,98.16 2 0
dataease/backend/internal/service/org_service.go:98.16,100.3 1 0
dataease/backend/internal/service/org_service.go:101.2,101.23 1 0
dataease/backend/internal/service/org_service.go:101.23,103.3 1 0
dataease/backend/internal/service/org_service.go:105.2,105.48 1 0
dataease/backend/internal/service/org_service.go:105.48,108.3 2 0
dataease/backend/internal/service/org_service.go:110.2,111.12 2 0
dataease/backend/internal/service/org_service.go:114.67,116.2 1 0
dataease/backend/internal/service/org_service.go:118.56,120.2 1 0
dataease/backend/internal/service/org_service.go:122.76,124.2 1 0
dataease/backend/internal/service/org_service.go:126.63,128.16 2 0
dataease/backend/internal/service/org_service.go:128.16,130.3 1 0
dataease/backend/internal/service/org_service.go:132.2,135.25 3 0
dataease/backend/internal/service/org_service.go:135.25,138.3 2 0
dataease/backend/internal/service/org_service.go:140.2,140.25 1 0
dataease/backend/internal/service/org_service.go:140.25,142.37 2 0
dataease/backend/internal/service/org_service.go:142.37,144.4 1 0
dataease/backend/internal/service/org_service.go:144.9,145.44 1 0
dataease/backend/internal/service/org_service.go:145.44,147.5 1 0
dataease/backend/internal/service/org_service.go:151.2,151.23 1 0
dataease/backend/internal/service/org_service.go:154.69,156.16 2 0
dataease/backend/internal/service/org_service.go:156.16,158.3 1 0
dataease/backend/internal/service/org_service.go:160.2,164.51 4 0
dataease/backend/internal/service/org_service.go:164.51,167.3 2 0
dataease/backend/internal/service/org_service.go:169.2,170.12 2 0
dataease/backend/internal/service/org_service.go:173.71,175.16 2 0
dataease/backend/internal/service/org_service.go:175.16,177.3 1 0
dataease/backend/internal/service/org_service.go:178.2,178.23 1 0
dataease/backend/internal/service/perm_service.go:18.79,22.2 1 0
dataease/backend/internal/service/perm_service.go:24.84,26.16 2 0
dataease/backend/internal/service/perm_service.go:26.16,28.3 1 0
dataease/backend/internal/service/perm_service.go:29.2,29.15 1 0
dataease/backend/internal/service/perm_service.go:29.15,31.3 1 0
dataease/backend/internal/service/perm_service.go:33.2,34.20 2 0
dataease/backend/internal/service/perm_service.go:34.20,36.3 1 0
dataease/backend/internal/service/perm_service.go:38.2,47.23 2 0
dataease/backend/internal/service/perm_service.go:47.23,49.3 1 0
dataease/backend/internal/service/perm_service.go:51.2,51.45 1 0
dataease/backend/internal/service/perm_service.go:51.45,54.3 2 0
dataease/backend/internal/service/perm_service.go:56.2,57.22 2 0
dataease/backend/internal/service/perm_service.go:60.75,62.16 2 0
dataease/backend/internal/service/perm_service.go:62.16,64.3 1 0
dataease/backend/internal/service/perm_service.go:66.2,66.58 1 0
dataease/backend/internal/service/perm_service.go:66.58,68.17 2 0
dataease/backend/internal/service/perm_service.go:68.17,70.4 1 0
dataease/backend/internal/service/perm_service.go:71.3,71.16 1 0
dataease/backend/internal/service/perm_service.go:71.16,73.4 1 0
dataease/backend/internal/service/perm_service.go:74.3,74.33 1 0
dataease/backend/internal/service/perm_service.go:77.2,77.24 1 0
dataease/backend/internal/service/perm_service.go:77.24,79.3 1 0
dataease/backend/internal/service/perm_service.go:80.2,80.24 1 0
dataease/backend/internal/service/perm_service.go:80.24,82.3 1 0
dataease/backend/internal/service/perm_service.go:83.2,83.25 1 0
dataease/backend/internal/service/perm_service.go:83.25,85.3 1 0
dataease/backend/internal/service/perm_service.go:86.2,86.23 1 0
dataease/backend/internal/service/perm_service.go:86.23,88.3 1 0
dataease/backend/internal/service/perm_service.go:90.2,93.52 3 0
dataease/backend/internal/service/perm_service.go:93.52,96.3 2 0
dataease/backend/internal/service/perm_service.go:98.2,99.12 2 0
dataease/backend/internal/service/perm_service.go:102.54,103.50 1 0
dataease/backend/internal/service/perm_service.go:103.50,106.3 2 0
dataease/backend/internal/service/perm_service.go:108.2,109.12 2 0
dataease/backend/internal/service/perm_service.go:112.78,114.2 1 0
dataease/backend/internal/service/perm_service.go:116.105,118.16 2 0
dataease/backend/internal/service/perm_service.go:118.16,120.3 1 0
dataease/backend/internal/service/perm_service.go:122.2,124.14 3 0
dataease/backend/internal/service/perm_service.go:124.14,126.3 1 0
dataease/backend/internal/service/perm_service.go:127.2,127.18 1 0
dataease/backend/internal/service/perm_service.go:127.18,129.3 1 0
dataease/backend/internal/service/perm_service.go:131.2,134.27 4 0
dataease/backend/internal/service/perm_service.go:134.27,136.3 1 0
dataease/backend/internal/service/perm_service.go:137.2,137.29 1 0
dataease/backend/internal/service/perm_service.go:137.29,139.3 1 0
dataease/backend/internal/service/perm_service.go:141.2,146.8 1 0
dataease/backend/internal/service/perm_service.go:149.72,151.16 2 0
dataease/backend/internal/service/perm_service.go:151.16,153.3 1 0
dataease/backend/internal/service/perm_service.go:154.2,154.23 1 0
dataease/backend/internal/service/resource_perm_service.go:33.112,35.2 1 0
dataease/backend/internal/service/resource_perm_service.go:37.156,38.61 1 0
dataease/backend/internal/service/resource_perm_service.go:38.61,40.3 1 0
dataease/backend/internal/service/resource_perm_service.go:42.2,43.16 2 0
dataease/backend/internal/service/resource_perm_service.go:43.16,45.3 1 0
dataease/backend/internal/service/resource_perm_service.go:47.2,48.31 2 0
dataease/backend/internal/service/resource_perm_service.go:48.31,50.3 1 0
dataease/backend/internal/service/resource_perm_service.go:52.2,53.37 2 0
dataease/backend/internal/service/resource_perm_service.go:53.37,55.3 1 0
dataease/backend/internal/service/resource_perm_service.go:57.2,57.33 1 0
dataease/backend/internal/service/resource_perm_service.go:57.33,59.32 2 0
dataease/backend/internal/service/resource_perm_service.go:59.32,61.4 1 0
dataease/backend/internal/service/resource_perm_service.go:64.2,64.93 1 0
dataease/backend/internal/service/resource_perm_service.go:67.115,70.2 2 0
dataease/backend/internal/service/resource_perm_service.go:72.115,75.2 2 0
dataease/backend/internal/service/resource_perm_service.go:77.117,80.2 2 0
dataease/backend/internal/service/resource_perm_service.go:82.117,85.2 2 0
dataease/backend/internal/service/resource_perm_service.go:87.89,89.2 1 0
dataease/backend/internal/service/resource_perm_service.go:91.89,93.2 1 0
dataease/backend/internal/service/resource_perm_service.go:95.104,97.2 1 0
dataease/backend/internal/service/resource_perm_service.go:99.90,101.2 1 0
dataease/backend/internal/service/resource_perm_service.go:103.87,105.2 1 0
dataease/backend/internal/service/resource_perm_service.go:107.90,109.2 1 0
dataease/backend/internal/service/role_menu_service.go:28.20,34.2 1 0
dataease/backend/internal/service/role_menu_service.go:46.82,47.17 1 0
dataease/backend/internal/service/role_menu_service.go:47.17,49.3 1 0
dataease/backend/internal/service/role_menu_service.go:51.2,52.16 2 0
dataease/backend/internal/service/role_menu_service.go:52.16,55.3 2 0
dataease/backend/internal/service/role_menu_service.go:57.2,58.16 2 0
dataease/backend/internal/service/role_menu_service.go:58.16,61.3 2 0
dataease/backend/internal/service/role_menu_service.go:63.2,66.8 1 0
dataease/backend/internal/service/role_menu_service.go:69.76,70.21 1 0
dataease/backend/internal/service/role_menu_service.go:70.21,72.3 1 0
dataease/backend/internal/service/role_menu_service.go:74.2,75.16 2 0
dataease/backend/internal/service/role_menu_service.go:75.16,78.3 2 0
dataease/backend/internal/service/role_menu_service.go:80.2,80.26 1 0
dataease/backend/internal/service/role_menu_service.go:80.26,82.17 2 0
dataease/backend/internal/service/role_menu_service.go:82.17,85.4 2 0
dataease/backend/internal/service/role_menu_service.go:86.3,87.30 2 0
dataease/backend/internal/service/role_menu_service.go:87.30,89.4 1 0
dataease/backend/internal/service/role_menu_service.go:90.3,90.38 1 0
dataease/backend/internal/service/role_menu_service.go:90.38,91.29 1 0
dataease/backend/internal/service/role_menu_service.go:91.29,94.5 2 0
dataease/backend/internal/service/role_menu_service.go:98.2,98.78 1 0
dataease/backend/internal/service/role_menu_service.go:98.78,104.3 2 0
dataease/backend/internal/service/role_menu_service.go:106.2,109.12 2 0
dataease/backend/internal/service/role_menu_service.go:112.82,113.23 1 0
dataease/backend/internal/service/role_menu_service.go:113.23,115.3 1 0
dataease/backend/internal/service/role_menu_service.go:116.2,116.52 1 0
dataease/backend/internal/service/role_menu_service.go:119.89,120.23 1 0
dataease/backend/internal/service/role_menu_service.go:120.23,122.3 1 0
dataease/backend/internal/service/role_menu_service.go:123.2,123.65 1 0
dataease/backend/internal/service/role_menu_service.go:126.66,127.17 1 0
dataease/backend/internal/service/role_menu_service.go:127.17,129.3 1 0
dataease/backend/internal/service/role_menu_service.go:131.2,131.62 1 0
dataease/backend/internal/service/role_menu_service.go:131.62,134.3 2 0
dataease/backend/internal/service/role_menu_service.go:136.2,137.12 2 0
dataease/backend/internal/service/role_service.go:18.67,20.2 1 0
dataease/backend/internal/service/role_service.go:22.89,34.43 3 0
dataease/backend/internal/service/role_service.go:34.43,37.3 2 0
dataease/backend/internal/service/role_service.go:39.2,40.24 2 0
dataease/backend/internal/service/role_service.go:43.77,45.16 2 0
dataease/backend/internal/service/role_service.go:45.16,47.3 1 0
dataease/backend/internal/service/role_service.go:49.2,55.43 6 0
dataease/backend/internal/service/role_service.go:55.43,58.3 2 0
dataease/backend/internal/service/role_service.go:60.2,61.12 2 0
dataease/backend/internal/service/role_service.go:64.54,65.46 1 0
dataease/backend/internal/service/role_service.go:65.46,68.3 2 0
dataease/backend/internal/service/role_service.go:69.2,70.12 2 0
dataease/backend/internal/service/role_service.go:73.77,75.16 2 0
dataease/backend/internal/service/role_service.go:75.16,77.3 1 0
dataease/backend/internal/service/role_service.go:79.2,88.8 1 0
dataease/backend/internal/service/role_service.go:91.86,93.24 2 0
dataease/backend/internal/service/role_service.go:93.24,95.3 1 0
dataease/backend/internal/service/role_service.go:97.2,98.16 2 0
dataease/backend/internal/service/role_service.go:98.16,100.3 1 0
dataease/backend/internal/service/role_service.go:102.2,103.28 2 0
dataease/backend/internal/service/role_service.go:103.28,113.3 1 0
dataease/backend/internal/service/role_service.go:114.2,114.20 1 0
dataease/backend/internal/service/role_service.go:117.31,119.2 1 0
dataease/backend/internal/service/row_permission_service.go:35.25,42.2 1 0
dataease/backend/internal/service/row_permission_service.go:44.114,45.61 1 0
dataease/backend/internal/service/row_permission_service.go:45.61,47.3 1 0
dataease/backend/internal/service/row_permission_service.go:49.2,50.16 2 0
dataease/backend/internal/service/row_permission_service.go:50.16,53.3 2 0
dataease/backend/internal/service/row_permission_service.go:55.2,55.27 1 0
dataease/backend/internal/service/row_permission_service.go:55.27,57.17 2 0
dataease/backend/internal/service/row_permission_service.go:57.17,59.4 1 0
dataease/backend/internal/service/row_permission_service.go:59.9,59.30 1 0
dataease/backend/internal/service/row_permission_service.go:59.30,61.18 2 0
dataease/backend/internal/service/row_permission_service.go:61.18,63.5 1 0
dataease/backend/internal/service/row_permission_service.go:63.10,65.5 1 0
dataease/backend/internal/service/row_permission_service.go:69.2,69.23 1 0
dataease/backend/internal/service/row_permission_service.go:72.113,73.61 1 0
dataease/backend/internal/service/row_permission_service.go:73.61,75.3 1 0
dataease/backend/internal/service/row_permission_service.go:77.2,78.16 2 0
dataease/backend/internal/service/row_permission_service.go:78.16,80.3 1 0
dataease/backend/internal/service/row_permission_service.go:82.2,82.21 1 0
dataease/backend/internal/service/row_permission_service.go:82.21,84.3 1 0
dataease/backend/internal/service/row_permission_service.go:86.2,89.29 3 0
dataease/backend/internal/service/row_permission_service.go:89.29,90.52 1 0
dataease/backend/internal/service/row_permission_service.go:90.52,91.12 1 0
dataease/backend/internal/service/row_permission_service.go:94.3,95.22 2 0
dataease/backend/internal/service/row_permission_service.go:95.22,98.4 2 0
dataease/backend/internal/service/row_permission_service.go:101.2,101.26 1 0
dataease/backend/internal/service/row_permission_service.go:101.26,103.3 1 0
dataease/backend/internal/service/row_permission_service.go:105.2,109.8 2 0
dataease/backend/internal/service/row_permission_service.go:112.92,113.61 1 0
dataease/backend/internal/service/row_permission_service.go:113.61,115.3 1 0
dataease/backend/internal/service/row_permission_service.go:117.2,118.16 2 0
dataease/backend/internal/service/row_permission_service.go:118.16,120.3 1 0
dataease/backend/internal/service/row_permission_service.go:122.2,122.24 1 0
dataease/backend/internal/service/row_permission_service.go:122.24,124.3 1 0
dataease/backend/internal/service/row_permission_service.go:126.2,127.32 2 0
dataease/backend/internal/service/row_permission_service.go:127.32,128.33 1 0
dataease/backend/internal/service/row_permission_service.go:128.33,130.4 1 0
dataease/backend/internal/service/row_permission_service.go:133.2,133.31 1 0
dataease/backend/internal/service/row_permission_service.go:133.31,135.3 1 0
dataease/backend/internal/service/row_permission_service.go:137.2,138.16 2 0
dataease/backend/internal/service/row_permission_service.go:138.16,140.3 1 0
dataease/backend/internal/service/row_permission_service.go:142.2,143.33 2 0
dataease/backend/internal/service/row_permission_service.go:143.33,144.28 1 0
dataease/backend/internal/service/row_permission_service.go:144.28,146.4 1 0
dataease/backend/internal/service/row_permission_service.go:149.2,149.27 1 0
dataease/backend/internal/service/row_permission_service.go:149.27,151.3 1 0
dataease/backend/internal/service/row_permission_service.go:153.2,153.45 1 0
dataease/backend/internal/service/row_permission_service.go:156.93,158.63 2 0
dataease/backend/internal/service/row_permission_service.go:158.63,161.3 2 0
dataease/backend/internal/service/row_permission_service.go:163.2,163.29 1 0
dataease/backend/internal/service/row_permission_service.go:166.115,167.39 1 0
dataease/backend/internal/service/row_permission_service.go:167.39,169.3 1 0
dataease/backend/internal/service/row_permission_service.go:171.2,172.17 2 0
dataease/backend/internal/service/row_permission_service.go:172.17,174.3 1 0
dataease/backend/internal/service/row_permission_service.go:176.2,179.33 3 0
dataease/backend/internal/service/row_permission_service.go:179.33,180.26 1 0
dataease/backend/internal/service/row_permission_service.go:180.26,182.26 2 0
dataease/backend/internal/service/row_permission_service.go:182.26,185.5 2 0
dataease/backend/internal/service/row_permission_service.go:186.9,188.23 2 0
dataease/backend/internal/service/row_permission_service.go:188.23,191.5 2 0
dataease/backend/internal/service/row_permission_service.go:195.2,195.26 1 0
dataease/backend/internal/service/row_permission_service.go:195.26,197.3 1 0
dataease/backend/internal/service/row_permission_service.go:199.2,200.20 2 0
dataease/backend/internal/service/row_permission_service.go:200.20,202.3 1 0
dataease/backend/internal/service/row_permission_service.go:204.2,204.61 1 0
dataease/backend/internal/service/row_permission_service.go:207.123,208.23 1 0
dataease/backend/internal/service/row_permission_service.go:208.23,210.3 1 0
dataease/backend/internal/service/row_permission_service.go:212.2,214.58 2 0
dataease/backend/internal/service/row_permission_service.go:214.58,216.3 1 0
dataease/backend/internal/service/row_permission_service.go:218.2,218.60 1 0
dataease/backend/internal/service/row_permission_service.go:222.103,224.75 1 0
dataease/backend/internal/service/row_permission_service.go:224.75,226.3 1 0
dataease/backend/internal/service/row_permission_service.go:228.2,230.14 2 0
dataease/backend/internal/service/row_permission_service.go:231.29,232.67 1 0
dataease/backend/internal/service/row_permission_service.go:233.26,234.68 1 0
dataease/backend/internal/service/row_permission_service.go:235.31,236.82 1 0
dataease/backend/internal/service/row_permission_service.go:237.34,238.86 1 0
dataease/backend/internal/service/row_permission_service.go:239.31,240.47 1 0
dataease/backend/internal/service/row_permission_service.go:241.34,242.51 1 0
dataease/backend/internal/service/row_permission_service.go:243.32,244.44 1 0
dataease/backend/internal/service/row_permission_service.go:245.35,246.45 1 0
dataease/backend/internal/service/row_permission_service.go:247.29,248.67 1 0
dataease/backend/internal/service/row_permission_service.go:249.29,250.67 1 0
dataease/backend/internal/service/row_permission_service.go:251.29,252.68 1 0
dataease/backend/internal/service/row_permission_service.go:253.29,254.68 1 0
dataease/backend/internal/service/row_permission_service.go:255.29,256.17 1 0
dataease/backend/internal/service/row_permission_service.go:257.32,258.17 1 0
dataease/backend/internal/service/row_permission_service.go:259.10,260.67 1 0
dataease/backend/internal/service/row_permission_service.go:264.106,265.22 1 0
dataease/backend/internal/service/row_permission_service.go:265.22,267.3 1 0
dataease/backend/internal/service/row_permission_service.go:269.2,271.27 3 0
dataease/backend/internal/service/row_permission_service.go:271.27,274.3 2 0
dataease/backend/internal/service/row_permission_service.go:276.2,276.81 1 0
dataease/backend/internal/service/row_permission_service.go:279.63,289.2 2 0
dataease/backend/internal/service/row_permission_service.go:291.59,292.27 1 0
dataease/backend/internal/service/row_permission_service.go:292.27,294.3 1 0
dataease/backend/internal/service/row_permission_service.go:295.2,295.39 1 0
dataease/backend/internal/service/row_permission_service.go:298.78,299.27 1 0
dataease/backend/internal/service/row_permission_service.go:299.27,301.3 1 0
dataease/backend/internal/service/row_permission_service.go:302.2,302.50 1 0
dataease/backend/internal/service/share_service.go:18.70,20.2 1 0
dataease/backend/internal/service/share_service.go:22.118,24.16 2 0
dataease/backend/internal/service/share_service.go:24.16,26.3 1 0
dataease/backend/internal/service/share_service.go:28.2,30.13 3 0
dataease/backend/internal/service/share_service.go:30.13,32.17 2 0
dataease/backend/internal/service/share_service.go:32.17,34.4 1 0
dataease/backend/internal/service/share_service.go:37.2,48.42 2 0
dataease/backend/internal/service/share_service.go:48.42,50.3 1 0
dataease/backend/internal/service/share_service.go:52.2,57.8 1 0
dataease/backend/internal/service/share_service.go:60.109,62.16 2 0
dataease/backend/internal/service/share_service.go:62.16,63.36 1 0
dataease/backend/internal/service/share_service.go:63.36,65.4 1 0
dataease/backend/internal/service/share_service.go:66.3,66.18 1 0
dataease/backend/internal/service/share_service.go:69.2,69.46 1 0
dataease/backend/internal/service/share_service.go:69.46,71.3 1 0
dataease/backend/internal/service/share_service.go:73.2,73.39 1 0
dataease/backend/internal/service/share_service.go:73.39,75.3 1 0
dataease/backend/internal/service/share_service.go:77.2,82.8 1 0
dataease/backend/internal/service/share_service.go:85.97,87.16 2 0
dataease/backend/internal/service/share_service.go:87.16,88.36 1 0
dataease/backend/internal/service/share_service.go:88.36,90.4 1 0
dataease/backend/internal/service/share_service.go:91.3,91.18 1 0
dataease/backend/internal/service/share_service.go:94.2,94.27 1 0
dataease/backend/internal/service/share_service.go:94.27,96.3 1 0
dataease/backend/internal/service/share_service.go:98.2,98.42 1 0
dataease/backend/internal/service/share_service.go:98.42,100.3 1 0
dataease/backend/internal/service/share_service.go:102.2,102.55 1 0
dataease/backend/internal/service/share_service.go:105.88,107.16 2 0
dataease/backend/internal/service/share_service.go:107.16,108.36 1 0
dataease/backend/internal/service/share_service.go:108.36,110.4 1 0
dataease/backend/internal/service/share_service.go:111.3,111.18 1 0
dataease/backend/internal/service/share_service.go:114.2,121.8 1 0
dataease/backend/internal/service/share_service.go:124.76,126.16 2 0
dataease/backend/internal/service/share_service.go:126.16,127.36 1 0
dataease/backend/internal/service/share_service.go:127.36,134.4 2 0
dataease/backend/internal/service/share_service.go:135.3,135.13 1 0
dataease/backend/internal/service/share_service.go:138.2,138.29 1 0
dataease/backend/internal/service/share_service.go:141.97,143.37 2 0
dataease/backend/internal/service/share_service.go:143.37,146.17 3 0
dataease/backend/internal/service/share_service.go:146.17,148.4 1 0
dataease/backend/internal/service/share_service.go:151.2,158.47 2 0
dataease/backend/internal/service/share_service.go:158.47,160.3 1 0
dataease/backend/internal/service/share_service.go:162.2,162.15 1 0
dataease/backend/internal/service/share_service.go:165.112,167.16 2 0
dataease/backend/internal/service/share_service.go:167.16,168.36 1 0
dataease/backend/internal/service/share_service.go:168.36,170.4 1 0
dataease/backend/internal/service/share_service.go:171.3,171.18 1 0
dataease/backend/internal/service/share_service.go:174.2,174.24 1 0
dataease/backend/internal/service/share_service.go:174.24,176.3 1 0
dataease/backend/internal/service/share_service.go:178.2,178.44 1 0
dataease/backend/internal/service/share_service.go:178.44,180.3 1 0
dataease/backend/internal/service/share_service.go:182.2,188.8 2 0
dataease/backend/internal/service/share_service.go:191.37,193.44 2 0
dataease/backend/internal/service/share_service.go:193.44,195.3 1 0
dataease/backend/internal/service/share_service.go:196.2,196.39 1 0
dataease/backend/internal/service/share_service.go:199.51,201.44 2 0
dataease/backend/internal/service/share_service.go:201.44,203.3 1 0
dataease/backend/internal/service/share_service.go:204.2,204.48 1 0
dataease/backend/internal/service/static_service.go:14.157,20.2 1 0
dataease/backend/internal/service/static_service.go:22.75,24.2 1 0
dataease/backend/internal/service/static_service.go:26.80,28.2 1 0
dataease/backend/internal/service/static_service.go:30.63,32.2 1 0
dataease/backend/internal/service/static_service.go:34.69,36.2 1 0
dataease/backend/internal/service/system_param_service.go:39.104,41.2 1 16
dataease/backend/internal/service/system_param_service.go:43.73,44.19 1 2
dataease/backend/internal/service/system_param_service.go:44.19,46.3 1 1
dataease/backend/internal/service/system_param_service.go:47.2,47.35 1 1
dataease/backend/internal/service/system_param_service.go:50.74,51.19 1 4
dataease/backend/internal/service/system_param_service.go:51.19,53.3 1 1
dataease/backend/internal/service/system_param_service.go:54.2,54.56 1 3
dataease/backend/internal/service/system_param_service.go:54.56,56.3 1 1
dataease/backend/internal/service/system_param_service.go:57.2,57.27 1 2
dataease/backend/internal/service/system_param_service.go:57.27,66.3 3 0
dataease/backend/internal/service/system_param_service.go:67.2,67.12 1 2
dataease/backend/internal/service/system_param_service.go:70.80,71.19 1 1
dataease/backend/internal/service/system_param_service.go:71.19,73.3 1 1
dataease/backend/internal/service/system_param_service.go:74.2,74.30 1 0
dataease/backend/internal/service/system_param_service.go:77.100,78.19 1 2
dataease/backend/internal/service/system_param_service.go:78.19,80.3 1 0
dataease/backend/internal/service/system_param_service.go:81.2,82.14 2 2
dataease/backend/internal/service/system_param_service.go:82.14,84.3 1 1
dataease/backend/internal/service/system_param_service.go:85.2,85.38 1 1
dataease/backend/internal/service/system_param_service.go:88.82,89.19 1 3
dataease/backend/internal/service/system_param_service.go:89.19,91.3 1 0
dataease/backend/internal/service/system_param_service.go:92.2,92.53 1 3
dataease/backend/internal/service/system_param_service.go:92.53,94.3 1 1
dataease/backend/internal/service/system_param_service.go:95.2,95.27 1 2
dataease/backend/internal/service/system_param_service.go:95.27,104.3 3 0
dataease/backend/internal/service/system_param_service.go:105.2,105.12 1 2
dataease/backend/internal/service/system_param_service.go:108.74,109.19 1 1
dataease/backend/internal/service/system_param_service.go:109.19,111.3 1 0
dataease/backend/internal/service/system_param_service.go:112.2,112.33 1 1
dataease/backend/internal/service/system_param_service.go:115.73,116.19 1 3
dataease/backend/internal/service/system_param_service.go:116.19,118.3 1 0
dataease/backend/internal/service/system_param_service.go:119.2,119.53 1 3
dataease/backend/internal/service/system_param_service.go:119.53,121.3 1 1
dataease/backend/internal/service/system_param_service.go:122.2,122.27 1 2
dataease/backend/internal/service/system_param_service.go:122.27,131.3 3 0
dataease/backend/internal/service/system_param_service.go:132.2,132.12 1 2
dataease/backend/internal/service/system_param_service.go:135.69,136.19 1 1
dataease/backend/internal/service/system_param_service.go:136.19,138.3 1 0
dataease/backend/internal/service/system_param_service.go:139.2,139.30 1 1
dataease/backend/internal/service/system_param_service.go:142.60,143.19 1 1
dataease/backend/internal/service/system_param_service.go:143.19,145.3 1 0
dataease/backend/internal/service/system_param_service.go:146.2,146.35 1 1
dataease/backend/internal/service/system_param_service.go:149.80,150.19 1 1
dataease/backend/internal/service/system_param_service.go:150.19,152.3 1 0
dataease/backend/internal/service/system_param_service.go:153.2,153.36 1 1
dataease/backend/internal/service/system_param_service.go:156.58,157.19 1 1
dataease/backend/internal/service/system_param_service.go:157.19,159.3 1 0
dataease/backend/internal/service/system_param_service.go:160.2,160.23 1 1
dataease/backend/internal/service/system_param_service.go:163.58,164.19 1 1
dataease/backend/internal/service/system_param_service.go:164.19,166.3 1 0
dataease/backend/internal/service/system_param_service.go:167.2,167.33 1 1
dataease/backend/internal/service/system_param_service.go:170.71,171.19 1 1
dataease/backend/internal/service/system_param_service.go:171.19,173.3 1 0
dataease/backend/internal/service/system_param_service.go:174.2,174.32 1 1
dataease/backend/internal/service/template_service.go:16.79,18.2 1 0
dataease/backend/internal/service/template_service.go:20.124,37.41 2 0
dataease/backend/internal/service/template_service.go:37.41,39.3 1 0
dataease/backend/internal/service/template_service.go:41.2,41.15 1 0
dataease/backend/internal/service/template_service.go:44.77,46.16 2 0
dataease/backend/internal/service/template_service.go:46.16,48.3 1 0
dataease/backend/internal/service/template_service.go:49.2,49.15 1 0
dataease/backend/internal/service/template_service.go:52.116,54.19 2 0
dataease/backend/internal/service/template_service.go:54.19,56.17 2 0
dataease/backend/internal/service/template_service.go:56.17,58.4 1 0
dataease/backend/internal/service/template_service.go:61.2,62.16 2 0
dataease/backend/internal/service/template_service.go:62.16,64.3 1 0
dataease/backend/internal/service/template_service.go:66.2,67.16 2 0
dataease/backend/internal/service/template_service.go:67.16,69.3 1 0
dataease/backend/internal/service/template_service.go:71.2,74.8 1 0
dataease/backend/internal/service/template_service.go:77.107,79.16 2 0
dataease/backend/internal/service/template_service.go:79.16,81.3 1 0
dataease/backend/internal/service/template_service.go:83.2,83.20 1 0
dataease/backend/internal/service/template_service.go:83.20,85.3 1 0
dataease/backend/internal/service/template_service.go:86.2,86.24 1 0
dataease/backend/internal/service/template_service.go:86.24,88.3 1 0
dataease/backend/internal/service/template_service.go:89.2,89.29 1 0
dataease/backend/internal/service/template_service.go:89.29,91.3 1 0
dataease/backend/internal/service/template_service.go:92.2,92.28 1 0
dataease/backend/internal/service/template_service.go:92.28,94.3 1 0
dataease/backend/internal/service/template_service.go:95.2,95.27 1 0
dataease/backend/internal/service/template_service.go:95.27,97.3 1 0
dataease/backend/internal/service/template_service.go:98.2,98.23 1 0
dataease/backend/internal/service/template_service.go:98.23,100.3 1 0
dataease/backend/internal/service/template_service.go:102.2,102.41 1 0
dataease/backend/internal/service/template_service.go:102.41,104.3 1 0
dataease/backend/internal/service/template_service.go:106.2,106.15 1 0
dataease/backend/internal/service/template_service.go:109.58,111.16 2 0
dataease/backend/internal/service/template_service.go:111.16,112.36 1 0
dataease/backend/internal/service/template_service.go:112.36,114.4 1 0
dataease/backend/internal/service/template_service.go:115.3,115.13 1 0
dataease/backend/internal/service/template_service.go:118.2,118.26 1 0
dataease/backend/internal/service/template_service.go:121.61,123.2 1 0
dataease/backend/internal/service/ticket_service.go:16.73,18.2 1 0
dataease/backend/internal/service/ticket_service.go:20.109,22.40 2 0
dataease/backend/internal/service/ticket_service.go:22.40,24.3 1 0
dataease/backend/internal/service/ticket_service.go:26.2,33.41 2 0
dataease/backend/internal/service/ticket_service.go:33.41,35.3 1 0
dataease/backend/internal/service/ticket_service.go:37.2,37.61 1 0
dataease/backend/internal/service/ticket_service.go:40.89,42.28 2 0
dataease/backend/internal/service/ticket_service.go:42.28,47.3 1 0
dataease/backend/internal/service/ticket_service.go:49.2,52.15 3 0
dataease/backend/internal/service/ticket_service.go:52.15,57.3 1 0
dataease/backend/internal/service/ticket_service.go:59.2,65.3 2 0
dataease/backend/internal/service/ticket_service.go:68.77,70.2 1 0
dataease/backend/internal/service/ticket_service.go:72.97,73.14 1 0
dataease/backend/internal/service/ticket_service.go:73.14,75.3 1 0
dataease/backend/internal/service/ticket_service.go:76.2,76.18 1 0
dataease/backend/internal/service/ticket_service.go:76.18,78.3 1 0
dataease/backend/internal/service/ticket_service.go:80.2,81.16 2 0
dataease/backend/internal/service/ticket_service.go:81.16,88.3 1 0
dataease/backend/internal/service/ticket_service.go:90.2,95.3 1 0
dataease/backend/internal/service/ticket_service.go:98.45,100.2 1 0
dataease/backend/internal/service/ticket_service.go:102.49,106.2 3 0
dataease/backend/internal/service/user_service.go:29.16,35.2 1 0
dataease/backend/internal/service/user_service.go:38.78,41.16 2 0
dataease/backend/internal/service/user_service.go:41.16,43.3 1 0
dataease/backend/internal/service/user_service.go:44.2,44.15 1 0
dataease/backend/internal/service/user_service.go:44.15,46.3 1 0
dataease/backend/internal/service/user_service.go:49.2,50.16 2 0
dataease/backend/internal/service/user_service.go:50.16,52.3 1 0
dataease/backend/internal/service/user_service.go:54.2,65.23 2 0
dataease/backend/internal/service/user_service.go:65.23,67.3 1 0
dataease/backend/internal/service/user_service.go:69.2,69.45 1 0
dataease/backend/internal/service/user_service.go:69.45,72.3 2 0
dataease/backend/internal/service/user_service.go:74.2,75.22 2 0
dataease/backend/internal/service/user_service.go:79.69,81.16 2 0
dataease/backend/internal/service/user_service.go:81.16,83.3 1 0
dataease/backend/internal/service/user_service.go:85.2,85.24 1 0
dataease/backend/internal/service/user_service.go:85.24,87.3 1 0
dataease/backend/internal/service/user_service.go:88.2,88.24 1 0
dataease/backend/internal/service/user_service.go:88.24,90.3 1 0
dataease/backend/internal/service/user_service.go:91.2,91.22 1 0
dataease/backend/internal/service/user_service.go:91.22,93.3 1 0
dataease/backend/internal/service/user_service.go:94.2,94.22 1 0
dataease/backend/internal/service/user_service.go:94.22,96.3 1 0
dataease/backend/internal/service/user_service.go:97.2,97.48 1 0
dataease/backend/internal/service/user_service.go:97.48,99.17 2 0
dataease/backend/internal/service/user_service.go:99.17,101.4 1 0
dataease/backend/internal/service/user_service.go:102.3,102.45 1 0
dataease/backend/internal/service/user_service.go:104.2,104.23 1 0
dataease/backend/internal/service/user_service.go:104.23,106.3 1 0
dataease/backend/internal/service/user_service.go:108.2,111.52 3 0
dataease/backend/internal/service/user_service.go:111.52,114.3 2 0
dataease/backend/internal/service/user_service.go:116.2,117.12 2 0
dataease/backend/internal/service/user_service.go:121.54,122.50 1 0
dataease/backend/internal/service/user_service.go:122.50,125.3 2 0
dataease/backend/internal/service/user_service.go:128.2,132.12 4 0
dataease/backend/internal/service/user_service.go:136.72,138.2 1 0
dataease/backend/internal/service/user_service.go:141.81,143.2 1 0
dataease/backend/internal/service/user_service.go:146.95,148.16 2 0
dataease/backend/internal/service/user_service.go:148.16,150.3 1 0
dataease/backend/internal/service/user_service.go:152.2,154.14 3 0
dataease/backend/internal/service/user_service.go:154.14,156.3 1 0
dataease/backend/internal/service/user_service.go:157.2,157.18 1 0
dataease/backend/internal/service/user_service.go:157.18,159.3 1 0
dataease/backend/internal/service/user_service.go:161.2,166.8 1 0
dataease/backend/internal/service/user_service.go:170.77,172.16 2 0
dataease/backend/internal/service/user_service.go:172.16,174.3 1 0
dataease/backend/internal/service/user_service.go:176.2,177.16 2 0
dataease/backend/internal/service/user_service.go:177.16,179.3 1 0
dataease/backend/internal/service/user_service.go:181.2,185.52 4 0
dataease/backend/internal/service/user_service.go:185.52,188.3 2 0
dataease/backend/internal/service/user_service.go:190.2,191.12 2 0
dataease/backend/internal/service/user_service.go:195.72,197.16 2 0
dataease/backend/internal/service/user_service.go:197.16,199.3 1 0
dataease/backend/internal/service/user_service.go:201.2,205.52 4 0
dataease/backend/internal/service/user_service.go:205.52,208.3 2 0
dataease/backend/internal/service/user_service.go:210.2,211.12 2 0
dataease/backend/internal/service/visualization_service.go:15.94,17.2 1 0
dataease/backend/internal/service/visualization_service.go:19.101,22.48 3 0
dataease/backend/internal/service/visualization_service.go:22.48,24.3 1 0
dataease/backend/internal/service/visualization_service.go:25.2,26.26 2 0
dataease/backend/internal/service/visualization_service.go:26.26,28.3 1 0
dataease/backend/internal/service/visualization_service.go:30.2,45.41 2 0
dataease/backend/internal/service/visualization_service.go:45.41,47.3 1 0
dataease/backend/internal/service/visualization_service.go:48.2,48.18 1 0
dataease/backend/internal/service/visualization_service.go:51.96,53.16 2 0
dataease/backend/internal/service/visualization_service.go:53.16,55.3 1 0
dataease/backend/internal/service/visualization_service.go:57.2,57.21 1 0
dataease/backend/internal/service/visualization_service.go:57.21,59.3 1 0
dataease/backend/internal/service/visualization_service.go:60.2,60.20 1 0
dataease/backend/internal/service/visualization_service.go:60.20,62.3 1 0
dataease/backend/internal/service/visualization_service.go:63.2,63.21 1 0
dataease/backend/internal/service/visualization_service.go:63.21,65.3 1 0
dataease/backend/internal/service/visualization_service.go:66.2,66.32 1 0
dataease/backend/internal/service/visualization_service.go:66.32,68.3 1 0
dataease/backend/internal/service/visualization_service.go:69.2,69.30 1 0
dataease/backend/internal/service/visualization_service.go:69.30,71.3 1 0
dataease/backend/internal/service/visualization_service.go:72.2,72.29 1 0
dataease/backend/internal/service/visualization_service.go:72.29,74.3 1 0
dataease/backend/internal/service/visualization_service.go:75.2,75.23 1 0
dataease/backend/internal/service/visualization_service.go:75.23,77.3 1 0
dataease/backend/internal/service/visualization_service.go:78.2,82.25 4 0
dataease/backend/internal/service/visualization_service.go:85.119,87.2 1 0
dataease/backend/internal/service/visualization_service.go:89.106,91.16 2 0
dataease/backend/internal/service/visualization_service.go:91.16,93.3 1 0
dataease/backend/internal/service/visualization_service.go:95.2,96.17 2 0
dataease/backend/internal/service/visualization_service.go:96.17,98.3 1 0
dataease/backend/internal/service/visualization_service.go:99.2,100.14 2 0
dataease/backend/internal/service/visualization_service.go:100.14,102.3 1 0
dataease/backend/internal/service/visualization_service.go:104.2,109.8 1 0
dataease/backend/internal/service/visualization_service.go:112.77,114.2 1 0
